Biomarker,Description,Units,Group,Sub.Group,Type,Nightingale,UKB.Field.ID,QC.Flag.Field.ID,Full.Formula,Simplified.Formula
Total_C,Total Cholesterol,mmol/L,Cholesterol,"",Composite,TRUE,23400,23700,XXL_VLDL_CE + XXL_VLDL_FC + XL_VLDL_CE + XL_VLDL_FC + L_VLDL_CE + L_VLDL_FC + M_VLDL_CE + M_VLDL_FC + S_VLDL_CE + S_VLDL_FC + XS_VLDL_CE + XS_VLDL_FC + IDL_CE + IDL_FC + L_LDL_CE + L_LDL_FC + M_LDL_CE + M_LDL_FC + S_LDL_CE + S_LDL_FC + XL_HDL_CE + XL_HDL_FC + L_HDL_CE + L_HDL_FC + M_HDL_CE + M_HDL_FC + S_HDL_CE + S_HDL_FC,VLDL_C + IDL_C + LDL_C + HDL_C
non_HDL_C,Total Cholesterol Minus HDL-C,mmol/L,Cholesterol,"",Composite,TRUE,23401,23701,XXL_VLDL_CE + XXL_VLDL_FC + XL_VLDL_CE + XL_VLDL_FC + L_VLDL_CE + L_VLDL_FC + M_VLDL_CE + M_VLDL_FC + S_VLDL_CE + S_VLDL_FC + XS_VLDL_CE + XS_VLDL_FC + L_LDL_CE + L_LDL_FC + M_LDL_CE + M_LDL_FC + S_LDL_CE + S_LDL_FC + IDL_CE + IDL_FC,Total_C - HDL_C
Remnant_C,"Remnant Cholesterol (Non-HDL, Non-LDL -Cholesterol)",mmol/L,Cholesterol,"",Composite,TRUE,23402,23702,XXL_VLDL_CE + XXL_VLDL_FC + XL_VLDL_CE + XL_VLDL_FC + L_VLDL_CE + L_VLDL_FC + M_VLDL_CE + M_VLDL_FC + S_VLDL_CE + S_VLDL_FC + XS_VLDL_CE + XS_VLDL_FC + IDL_CE + IDL_FC,Total_C - HDL_C - LDL_C
VLDL_C,VLDL Cholesterol,mmol/L,Cholesterol,"",Composite,TRUE,23403,23703,XXL_VLDL_CE + XXL_VLDL_FC + XL_VLDL_CE + XL_VLDL_FC + L_VLDL_CE + L_VLDL_FC + M_VLDL_CE + M_VLDL_FC + S_VLDL_CE + S_VLDL_FC + XS_VLDL_CE + XS_VLDL_FC,XXL_VLDL_C + XL_VLDL_C + L_VLDL_C + M_VLDL_C + S_VLDL_C + XS_VLDL_C
Clinical_LDL_C,Clinical LDL Cholesterol,mmol/L,Cholesterol,"",Non-derived,TRUE,23404,23704,"",""
LDL_C,LDL Cholesterol,mmol/L,Cholesterol,"",Composite,TRUE,23405,23705,L_LDL_CE + L_LDL_FC + M_LDL_CE + M_LDL_FC + S_LDL_CE + S_LDL_FC,L_LDL_C + M_LDL_C + S_LDL_C
HDL_C,HDL Cholesterol,mmol/L,Cholesterol,"",Composite,TRUE,23406,23706,XL_HDL_CE + XL_HDL_FC + L_HDL_CE + L_HDL_FC + M_HDL_CE + M_HDL_FC + S_HDL_CE + S_HDL_FC,XL_HDL_C + L_HDL_C + M_HDL_C + S_HDL_C
Total_TG,Total Triglycerides,mmol/L,Triglycerides,"",Composite,TRUE,23407,23707,XXL_VLDL_TG + XL_VLDL_TG + L_VLDL_TG + M_VLDL_TG + S_VLDL_TG + XS_VLDL_TG + IDL_TG + L_LDL_TG + M_LDL_TG + S_LDL_TG + XL_HDL_TG + L_HDL_TG + M_HDL_TG + S_HDL_TG,VLDL_TG + IDL_TG + LDL_TG + HDL_TG
VLDL_TG,Triglycerides in VLDL,mmol/L,Triglycerides,"",Composite,TRUE,23408,23708,XXL_VLDL_TG + XL_VLDL_TG + L_VLDL_TG + M_VLDL_TG + S_VLDL_TG + XS_VLDL_TG,XXL_VLDL_TG + XL_VLDL_TG + L_VLDL_TG + M_VLDL_TG + S_VLDL_TG + XS_VLDL_TG
LDL_TG,Triglycerides in LDL,mmol/L,Triglycerides,"",Composite,TRUE,23409,23709,L_LDL_TG + M_LDL_TG + S_LDL_TG,L_LDL_TG + M_LDL_TG + S_LDL_TG
HDL_TG,Triglycerides in HDL,mmol/L,Triglycerides,"",Composite,TRUE,23410,23710,XL_HDL_TG + L_HDL_TG + M_HDL_TG + S_HDL_TG,XL_HDL_TG + L_HDL_TG + M_HDL_TG + S_HDL_TG
Total_PL,Total Phospholipids in Lipoprotein Particles,mmol/L,Phospholipids,"",Composite,TRUE,23411,23711,XXL_VLDL_PL + XL_VLDL_PL + L_VLDL_PL + M_VLDL_PL + S_VLDL_PL + XS_VLDL_PL + IDL_PL + L_LDL_PL + M_LDL_PL + S_LDL_PL + XL_HDL_PL + L_HDL_PL + M_HDL_PL + S_HDL_PL,VLDL_PL + IDL_PL + LDL_PL + HDL_PL
VLDL_PL,Phospholipids in VLDL,mmol/L,Phospholipids,"",Composite,TRUE,23412,23712,XXL_VLDL_PL + XL_VLDL_PL + L_VLDL_PL + M_VLDL_PL + S_VLDL_PL + XS_VLDL_PL,XXL_VLDL_PL + XL_VLDL_PL + L_VLDL_PL + M_VLDL_PL + S_VLDL_PL + XS_VLDL_PL
LDL_PL,Phospholipids in LDL,mmol/L,Phospholipids,"",Composite,TRUE,23413,23713,L_LDL_PL + M_LDL_PL + S_LDL_PL,L_LDL_PL + M_LDL_PL + S_LDL_PL
HDL_PL,Phospholipids in HDL,mmol/L,Phospholipids,"",Composite,TRUE,23414,23714,XL_HDL_PL + L_HDL_PL + M_HDL_PL + S_HDL_PL,XL_HDL_PL + L_HDL_PL + M_HDL_PL + S_HDL_PL
Total_CE,Total Esterified Cholesterol,mmol/L,Cholesteryl esters,"",Composite,TRUE,23415,23715,XXL_VLDL_CE + XL_VLDL_CE + L_VLDL_CE + M_VLDL_CE + S_VLDL_CE + XS_VLDL_CE + IDL_CE + L_LDL_CE + M_LDL_CE + S_LDL_CE + XL_HDL_CE + L_HDL_CE + M_HDL_CE + S_HDL_CE,VLDL_CE + IDL_CE + LDL_CE + HDL_CE
VLDL_CE,Cholesteryl Esters in VLDL,mmol/L,Cholesteryl esters,"",Composite,TRUE,23416,23716,XXL_VLDL_CE + XL_VLDL_CE + L_VLDL_CE + M_VLDL_CE + S_VLDL_CE + XS_VLDL_CE,XXL_VLDL_CE + XL_VLDL_CE + L_VLDL_CE + M_VLDL_CE + S_VLDL_CE + XS_VLDL_CE
LDL_CE,Cholesteryl Esters in LDL,mmol/L,Cholesteryl esters,"",Composite,TRUE,23417,23717,L_LDL_CE + M_LDL_CE + S_LDL_CE,L_LDL_CE + M_LDL_CE + S_LDL_CE
HDL_CE,Cholesteryl Esters in HDL,mmol/L,Cholesteryl esters,"",Composite,TRUE,23418,23718,XL_HDL_CE + L_HDL_CE + M_HDL_CE + S_HDL_CE,XL_HDL_CE + L_HDL_CE + M_HDL_CE + S_HDL_CE
Total_FC,Total Free Cholesterol,mmol/L,Free cholesterol,"",Composite,TRUE,23419,23719,XXL_VLDL_FC + XL_VLDL_FC + L_VLDL_FC + M_VLDL_FC + S_VLDL_FC + XS_VLDL_FC + IDL_FC + L_LDL_FC + M_LDL_FC + S_LDL_FC + XL_HDL_FC + L_HDL_FC + M_HDL_FC + S_HDL_FC,VLDL_FC + IDL_FC + LDL_FC + HDL_FC
VLDL_FC,Free Cholesterol in VLDL,mmol/L,Free cholesterol,"",Composite,TRUE,23420,23720,XXL_VLDL_FC + XL_VLDL_FC + L_VLDL_FC + M_VLDL_FC + S_VLDL_FC + XS_VLDL_FC,XXL_VLDL_FC + XL_VLDL_FC + L_VLDL_FC + M_VLDL_FC + S_VLDL_FC + XS_VLDL_FC
LDL_FC,Free Cholesterol in LDL,mmol/L,Free cholesterol,"",Composite,TRUE,23421,23721,L_LDL_FC + M_LDL_FC + S_LDL_FC,L_LDL_FC + M_LDL_FC + S_LDL_FC
HDL_FC,Free Cholesterol in HDL,mmol/L,Free cholesterol,"",Composite,TRUE,23422,23722,XL_HDL_FC + L_HDL_FC + M_HDL_FC + S_HDL_FC,XL_HDL_FC + L_HDL_FC + M_HDL_FC + S_HDL_FC
Total_L,Total Lipids in Lipoprotein Particles,mmol/L,Total lipids,"",Composite,TRUE,23423,23723,XXL_VLDL_CE + XXL_VLDL_FC + XXL_VLDL_PL + XXL_VLDL_TG + XL_VLDL_CE + XL_VLDL_FC + XL_VLDL_PL + XL_VLDL_TG + L_VLDL_CE + L_VLDL_FC + L_VLDL_PL + L_VLDL_TG + M_VLDL_CE + M_VLDL_FC + M_VLDL_PL + M_VLDL_TG + S_VLDL_CE + S_VLDL_FC + S_VLDL_PL + S_VLDL_TG + XS_VLDL_CE + XS_VLDL_FC + XS_VLDL_PL + XS_VLDL_TG + IDL_CE + IDL_FC + IDL_PL + IDL_TG + L_LDL_CE + L_LDL_FC + L_LDL_PL + L_LDL_TG + M_LDL_CE + M_LDL_FC + M_LDL_PL + M_LDL_TG + S_LDL_CE + S_LDL_FC + S_LDL_PL + S_LDL_TG + XL_HDL_CE + XL_HDL_FC + XL_HDL_PL + XL_HDL_TG + L_HDL_CE + L_HDL_FC + L_HDL_PL + L_HDL_TG + M_HDL_CE + M_HDL_FC + M_HDL_PL + M_HDL_TG + S_HDL_CE + S_HDL_FC + S_HDL_PL + S_HDL_TG,VLDL_L + IDL_L + LDL_L + HDL_L
VLDL_L,Total Lipids in VLDL,mmol/L,Total lipids,"",Composite,TRUE,23424,23724,XXL_VLDL_CE + XXL_VLDL_FC + XXL_VLDL_PL + XXL_VLDL_TG + XL_VLDL_CE + XL_VLDL_FC + XL_VLDL_PL + XL_VLDL_TG + L_VLDL_CE + L_VLDL_FC + L_VLDL_PL + L_VLDL_TG + M_VLDL_CE + M_VLDL_FC + M_VLDL_PL + M_VLDL_TG + S_VLDL_CE + S_VLDL_FC + S_VLDL_PL + S_VLDL_TG + XS_VLDL_CE + XS_VLDL_FC + XS_VLDL_PL + XS_VLDL_TG,XXL_VLDL_L + XL_VLDL_L + L_VLDL_L + M_VLDL_L + S_VLDL_L + XS_VLDL_L
LDL_L,Total Lipids in LDL,mmol/L,Total lipids,"",Composite,TRUE,23425,23725,L_LDL_CE + L_LDL_FC + L_LDL_PL + L_LDL_TG + M_LDL_CE + M_LDL_FC + M_LDL_PL + M_LDL_TG + S_LDL_CE + S_LDL_FC + S_LDL_PL + S_LDL_TG,L_LDL_L + M_LDL_L + S_LDL_L
HDL_L,Total Lipids in HDL,mmol/L,Total lipids,"",Composite,TRUE,23426,23726,XL_HDL_CE + XL_HDL_FC + XL_HDL_PL + XL_HDL_TG + L_HDL_CE + L_HDL_FC + L_HDL_PL + L_HDL_TG + M_HDL_CE + M_HDL_FC + M_HDL_PL + M_HDL_TG + S_HDL_CE + S_HDL_FC + S_HDL_PL + S_HDL_TG,XL_HDL_L + L_HDL_L + M_HDL_L + S_HDL_L
Total_P,Total Concentration of Lipoprotein Particles,mmol/L,Lipoprotein particle concentrations,"",Composite,TRUE,23427,23727,XXL_VLDL_P + XL_VLDL_P + L_VLDL_P + M_VLDL_P + S_VLDL_P + XS_VLDL_P + IDL_P + L_LDL_P + M_LDL_P + S_LDL_P + XL_HDL_P + L_HDL_P + M_HDL_P + S_HDL_P,VLDL_P + IDL_P + LDL_P + HDL_P
VLDL_P,Concentration of VLDL Particles,mmol/L,Lipoprotein particle concentrations,"",Composite,TRUE,23428,23728,XXL_VLDL_P + XL_VLDL_P + L_VLDL_P + M_VLDL_P + S_VLDL_P + XS_VLDL_P,XXL_VLDL_P + XL_VLDL_P + L_VLDL_P + M_VLDL_P + S_VLDL_P + XS_VLDL_P
LDL_P,Concentration of LDL Particles,mmol/L,Lipoprotein particle concentrations,"",Composite,TRUE,23429,23729,L_LDL_P + M_LDL_P + S_LDL_P,L_LDL_P + M_LDL_P + S_LDL_P
HDL_P,Concentration of HDL Particles,mmol/L,Lipoprotein particle concentrations,"",Composite,TRUE,23430,23730,XL_HDL_P + L_HDL_P + M_HDL_P + S_HDL_P,XL_HDL_P + L_HDL_P + M_HDL_P + S_HDL_P
VLDL_size,Average Diameter for VLDL Particles,nm,Lipoprotein particle sizes,"",Non-derived,TRUE,23431,23731,"",""
LDL_size,Average Diameter for LDL Particles,nm,Lipoprotein particle sizes,"",Non-derived,TRUE,23432,23732,"",""
HDL_size,Average Diameter for HDL Particles,nm,Lipoprotein particle sizes,"",Non-derived,TRUE,23433,23733,"",""
Phosphoglyc,Phosphoglycerides,mmol/L,Other lipids,"",Non-derived,TRUE,23434,23734,"",""
TG_by_PG,Triglycerides to Phosphoglycerides ratio,ratio,Other lipids,"",Ratio,TRUE,23435,23735,(XXL_VLDL_TG + XL_VLDL_TG + L_VLDL_TG + M_VLDL_TG + S_VLDL_TG + XS_VLDL_TG + IDL_TG + L_LDL_TG + M_LDL_TG + S_LDL_TG + XL_HDL_TG + L_HDL_TG + M_HDL_TG + S_HDL_TG) / Phosphoglyc,Total_TG / Phosphoglyc
Cholines,Total Cholines,mmol/L,Other lipids,"",Non-derived,TRUE,23436,23736,"",""
Phosphatidylc,Phosphatidylcholines,mmol/L,Other lipids,"",Non-derived,TRUE,23437,23737,"",""
Sphingomyelins,Sphingomyelins,mmol/L,Other lipids,"",Non-derived,TRUE,23438,23738,"",""
ApoB,Apolipoprotein B,g/l,Apolipoproteins,"",Non-derived,TRUE,23439,23739,"",""
ApoA1,Apolipoprotein A1,g/l,Apolipoproteins,"",Non-derived,TRUE,23440,23740,"",""
ApoB_by_ApoA1,Apolipoprotein B to Apolipoprotein A1 ratio,ratio,Apolipoproteins,"",Ratio,TRUE,23441,23741,ApoB / ApoA1,ApoB / ApoA1
Total_FA,Total Fatty Acids,mmol/L,Fatty acids,"",Composite,TRUE,23442,23742,Omega_3 + Omega_6 + MUFA + SFA,PUFA + MUFA + SFA
Unsaturation,Degree of Unsaturation,degree,Fatty acids,"",Non-derived,TRUE,23443,23743,"",""
Omega_3,Omega-3 Fatty Acids,mmol/L,Fatty acids,"",Non-derived,TRUE,23444,23744,"",""
Omega_6,Omega-6 Fatty Acids,mmol/L,Fatty acids,"",Non-derived,TRUE,23445,23745,"",""
PUFA,Polyunsaturated Fatty Acids,mmol/L,Fatty acids,"",Composite,TRUE,23446,23746,Omega_3 + Omega_6,Omega_3 + Omega_6
MUFA,Monounsaturated Fatty Acids,mmol/L,Fatty acids,"",Non-derived,TRUE,23447,23747,"",""
SFA,Saturated Fatty Acids,mmol/L,Fatty acids,"",Non-derived,TRUE,23448,23748,"",""
LA,Linoleic Acid,mmol/L,Fatty acids,"",Non-derived,TRUE,23449,23749,"",""
DHA,Docosahexaenoic Acid,mmol/L,Fatty acids,"",Non-derived,TRUE,23450,23750,"",""
Omega_3_pct,Omega-3 Fatty Acids to Total Fatty Acids percentage,%,Fatty acids,Fatty acid ratios,Percentage,TRUE,23451,23751,Omega_3 / (Omega_3 + Omega_6 + MUFA + SFA) * 100,Omega_3 / Total_FA * 100
Omega_6_pct,Omega-6 Fatty Acids to Total Fatty Acids percentage,%,Fatty acids,Fatty acid ratios,Percentage,TRUE,23452,23752,Omega_6 / (Omega_3 + Omega_6 + MUFA + SFA) * 100,Omega_6 / Total_FA * 100
PUFA_pct,Polyunsaturated Fatty Acids to Total Fatty Acids percentage,%,Fatty acids,Fatty acid ratios,Percentage,TRUE,23453,23753,(Omega_3 + Omega_6) / (Omega_3 + Omega_6 + MUFA + SFA) * 100,PUFA / Total_FA * 100
MUFA_pct,Monounsaturated Fatty Acids to Total Fatty Acids percentage,%,Fatty acids,Fatty acid ratios,Percentage,TRUE,23454,23754,MUFA / (Omega_3 + Omega_6 + MUFA + SFA) * 100,MUFA / Total_FA * 100
SFA_pct,Saturated Fatty Acids to Total Fatty Acids percentage,%,Fatty acids,Fatty acid ratios,Percentage,TRUE,23455,23755,SFA / (Omega_3 + Omega_6 + MUFA + SFA) * 100,SFA / Total_FA * 100
LA_pct,Linoleic Acid to Total Fatty Acids percentage,%,Fatty acids,Fatty acid ratios,Percentage,TRUE,23456,23756,LA / (Omega_3 + Omega_6 + MUFA + SFA) * 100,LA / Total_FA * 100
DHA_pct,Docosahexaenoic Acid to Total Fatty Acids percentage,%,Fatty acids,Fatty acid ratios,Percentage,TRUE,23457,23757,DHA / (Omega_3 + Omega_6 + MUFA + SFA) * 100,DHA / Total_FA * 100
PUFA_by_MUFA,Polyunsaturated Fatty Acids to Monounsaturated Fatty Acids ratio,ratio,Fatty acids,Fatty acid ratios,Ratio,TRUE,23458,23758,(Omega_3 + Omega_6) / MUFA,PUFA / MUFA
Omega_6_by_Omega_3,Omega-6 Fatty Acids to Omega-3 Fatty Acids ratio,ratio,Fatty acids,Fatty acid ratios,Ratio,TRUE,23459,23759,Omega_6 / Omega_3,Omega_6 / Omega_3
Ala,Alanine,mmol/L,Amino acids,"",Non-derived,TRUE,23460,23760,"",""
Gln,Glutamine,mmol/L,Amino acids,"",Non-derived,TRUE,23461,23761,"",""
Gly,Glycine,mmol/L,Amino acids,"",Non-derived,TRUE,23462,23762,"",""
His,Histidine,mmol/L,Amino acids,"",Non-derived,TRUE,23463,23763,"",""
Total_BCAA,Total Concentration of Branched-Chain Amino Acids (Leucine + Isoleucine + Valine),mmol/L,Amino acids,Branched-chain amino acids,Composite,TRUE,23464,23764,Leu + Ile + Val,Leu + Ile + Val
Ile,Isoleucine,mmol/L,Amino acids,Branched-chain amino acids,Non-derived,TRUE,23465,23765,"",""
Leu,Leucine,mmol/L,Amino acids,Branched-chain amino acids,Non-derived,TRUE,23466,23766,"",""
Val,Valine,mmol/L,Amino acids,Branched-chain amino acids,Non-derived,TRUE,23467,23767,"",""
Phe,Phenylalanine,mmol/L,Amino acids,Aromatic amino acids,Non-derived,TRUE,23468,23768,"",""
Tyr,Tyrosine,mmol/L,Amino acids,Aromatic amino acids,Non-derived,TRUE,23469,23769,"",""
Glucose,Glucose,mmol/L,Glycolysis related metabolites,"",Non-derived,TRUE,23470,23770,"",""
Lactate,Lactate,mmol/L,Glycolysis related metabolites,"",Non-derived,TRUE,23471,23771,"",""
Pyruvate,Pyruvate,mmol/L,Glycolysis related metabolites,"",Non-derived,TRUE,23472,23772,"",""
Citrate,Citrate,mmol/L,Glycolysis related metabolites,"",Non-derived,TRUE,23473,23773,"",""
bOHbutyrate,3-Hydroxybutyrate,mmol/L,Ketone bodies,"",Non-derived,TRUE,23474,23774,"",""
Acetate,Acetate,mmol/L,Ketone bodies,"",Non-derived,TRUE,23475,23775,"",""
Acetoacetate,Acetoacetate,mmol/L,Ketone bodies,"",Non-derived,TRUE,23476,23776,"",""
Acetone,Acetone,mmol/L,Ketone bodies,"",Non-derived,TRUE,23477,23777,"",""
Creatinine,Creatinine,mmol/L,Fluid balance,"",Non-derived,TRUE,23478,23778,"",""
Albumin,Albumin,g/l,Fluid balance,"",Non-derived,TRUE,23479,23779,"",""
GlycA,Glycoprotein Acetyls,mmol/L,Inflammation,"",Non-derived,TRUE,23480,23780,"",""
XXL_VLDL_P,Concentration of Chylomicrons and Extremely Large VLDL Particles,mmol/L,Lipoprotein subclasses,Chylomicrons and extremely large VLDL (particle diameters from 75 nm upwards),Non-derived,TRUE,23481,23781,"",""
XXL_VLDL_L,Total Lipids in Chylomicrons and Extremely Large VLDL,mmol/L,Lipoprotein subclasses,Chylomicrons and extremely large VLDL (particle diameters from 75 nm upwards),Composite,TRUE,23482,23782,XXL_VLDL_CE + XXL_VLDL_FC + XXL_VLDL_PL + XXL_VLDL_TG,XXL_VLDL_C + XXL_VLDL_PL + XXL_VLDL_TG
XXL_VLDL_PL,Phospholipids in Chylomicrons and Extremely Large VLDL,mmol/L,Lipoprotein subclasses,Chylomicrons and extremely large VLDL (particle diameters from 75 nm upwards),Non-derived,TRUE,23483,23783,"",""
XXL_VLDL_C,Cholesterol in Chylomicrons and Extremely Large VLDL,mmol/L,Lipoprotein subclasses,Chylomicrons and extremely large VLDL (particle diameters from 75 nm upwards),Composite,TRUE,23484,23784,XXL_VLDL_CE + XXL_VLDL_FC,XXL_VLDL_CE + XXL_VLDL_FC
XXL_VLDL_CE,Cholesteryl Esters in Chylomicrons and Extremely Large VLDL,mmol/L,Lipoprotein subclasses,Chylomicrons and extremely large VLDL (particle diameters from 75 nm upwards),Non-derived,TRUE,23485,23785,"",""
XXL_VLDL_FC,Free Cholesterol in Chylomicrons and Extremely Large VLDL,mmol/L,Lipoprotein subclasses,Chylomicrons and extremely large VLDL (particle diameters from 75 nm upwards),Non-derived,TRUE,23486,23786,"",""
XXL_VLDL_TG,Triglycerides in Chylomicrons and Extremely Large VLDL,mmol/L,Lipoprotein subclasses,Chylomicrons and extremely large VLDL (particle diameters from 75 nm upwards),Non-derived,TRUE,23487,23787,"",""
XL_VLDL_P,Concentration of Very Large VLDL Particles,mmol/L,Lipoprotein subclasses,Very large VLDL (average diameter 64 nm),Non-derived,TRUE,23488,23788,"",""
XL_VLDL_L,Total Lipids in Very Large VLDL,mmol/L,Lipoprotein subclasses,Very large VLDL (average diameter 64 nm),Composite,TRUE,23489,23789,XL_VLDL_CE + XL_VLDL_FC + XL_VLDL_PL + XL_VLDL_TG,XL_VLDL_C + XL_VLDL_PL + XL_VLDL_TG
XL_VLDL_PL,Phospholipids in Very Large VLDL,mmol/L,Lipoprotein subclasses,Very large VLDL (average diameter 64 nm),Non-derived,TRUE,23490,23790,"",""
XL_VLDL_C,Cholesterol in Very Large VLDL,mmol/L,Lipoprotein subclasses,Very large VLDL (average diameter 64 nm),Composite,TRUE,23491,23791,XL_VLDL_CE + XL_VLDL_FC,XL_VLDL_CE + XL_VLDL_FC
XL_VLDL_CE,Cholesteryl Esters in Very Large VLDL,mmol/L,Lipoprotein subclasses,Very large VLDL (average diameter 64 nm),Non-derived,TRUE,23492,23792,"",""
XL_VLDL_FC,Free Cholesterol in Very Large VLDL,mmol/L,Lipoprotein subclasses,Very large VLDL (average diameter 64 nm),Non-derived,TRUE,23493,23793,"",""
XL_VLDL_TG,Triglycerides in Very Large VLDL,mmol/L,Lipoprotein subclasses,Very large VLDL (average diameter 64 nm),Non-derived,TRUE,23494,23794,"",""
L_VLDL_P,Concentration of Large VLDL Particles,mmol/L,Lipoprotein subclasses,Large VLDL (average diameter 53.6 nm),Non-derived,TRUE,23495,23795,"",""
L_VLDL_L,Total Lipids in Large VLDL,mmol/L,Lipoprotein subclasses,Large VLDL (average diameter 53.6 nm),Composite,TRUE,23496,23796,L_VLDL_CE + L_VLDL_FC + L_VLDL_PL + L_VLDL_TG,L_VLDL_C + L_VLDL_PL + L_VLDL_TG
L_VLDL_PL,Phospholipids in Large VLDL,mmol/L,Lipoprotein subclasses,Large VLDL (average diameter 53.6 nm),Non-derived,TRUE,23497,23797,"",""
L_VLDL_C,Cholesterol in Large VLDL,mmol/L,Lipoprotein subclasses,Large VLDL (average diameter 53.6 nm),Composite,TRUE,23498,23798,L_VLDL_CE + L_VLDL_FC,L_VLDL_CE + L_VLDL_FC
L_VLDL_CE,Cholesteryl Esters in Large VLDL,mmol/L,Lipoprotein subclasses,Large VLDL (average diameter 53.6 nm),Non-derived,TRUE,23499,23799,"",""
L_VLDL_FC,Free Cholesterol in Large VLDL,mmol/L,Lipoprotein subclasses,Large VLDL (average diameter 53.6 nm),Non-derived,TRUE,23500,23800,"",""
L_VLDL_TG,Triglycerides in Large VLDL,mmol/L,Lipoprotein subclasses,Large VLDL (average diameter 53.6 nm),Non-derived,TRUE,23501,23801,"",""
M_VLDL_P,Concentration of Medium VLDL Particles,mmol/L,Lipoprotein subclasses,Medium VLDL (average diameter 44.5 nm),Non-derived,TRUE,23502,23802,"",""
M_VLDL_L,Total Lipids in Medium VLDL,mmol/L,Lipoprotein subclasses,Medium VLDL (average diameter 44.5 nm),Composite,TRUE,23503,23803,M_VLDL_CE + M_VLDL_FC + M_VLDL_PL + M_VLDL_TG,M_VLDL_C + M_VLDL_PL + M_VLDL_TG
M_VLDL_PL,Phospholipids in Medium VLDL,mmol/L,Lipoprotein subclasses,Medium VLDL (average diameter 44.5 nm),Non-derived,TRUE,23504,23804,"",""
M_VLDL_C,Cholesterol in Medium VLDL,mmol/L,Lipoprotein subclasses,Medium VLDL (average diameter 44.5 nm),Composite,TRUE,23505,23805,M_VLDL_CE + M_VLDL_FC,M_VLDL_CE + M_VLDL_FC
M_VLDL_CE,Cholesteryl Esters in Medium VLDL,mmol/L,Lipoprotein subclasses,Medium VLDL (average diameter 44.5 nm),Non-derived,TRUE,23506,23806,"",""
M_VLDL_FC,Free Cholesterol in Medium VLDL,mmol/L,Lipoprotein subclasses,Medium VLDL (average diameter 44.5 nm),Non-derived,TRUE,23507,23807,"",""
M_VLDL_TG,Triglycerides in Medium VLDL,mmol/L,Lipoprotein subclasses,Medium VLDL (average diameter 44.5 nm),Non-derived,TRUE,23508,23808,"",""
S_VLDL_P,Concentration of Small VLDL Particles,mmol/L,Lipoprotein subclasses,Small VLDL (average diameter 36.8 nm),Non-derived,TRUE,23509,23809,"",""
S_VLDL_L,Total Lipids in Small VLDL,mmol/L,Lipoprotein subclasses,Small VLDL (average diameter 36.8 nm),Composite,TRUE,23510,23810,S_VLDL_CE + S_VLDL_FC + S_VLDL_PL + S_VLDL_TG,S_VLDL_C + S_VLDL_PL + S_VLDL_TG
S_VLDL_PL,Phospholipids in Small VLDL,mmol/L,Lipoprotein subclasses,Small VLDL (average diameter 36.8 nm),Non-derived,TRUE,23511,23811,"",""
S_VLDL_C,Cholesterol in Small VLDL,mmol/L,Lipoprotein subclasses,Small VLDL (average diameter 36.8 nm),Composite,TRUE,23512,23812,S_VLDL_CE + S_VLDL_FC,S_VLDL_CE + S_VLDL_FC
S_VLDL_CE,Cholesteryl Esters in Small VLDL,mmol/L,Lipoprotein subclasses,Small VLDL (average diameter 36.8 nm),Non-derived,TRUE,23513,23813,"",""
S_VLDL_FC,Free Cholesterol in Small VLDL,mmol/L,Lipoprotein subclasses,Small VLDL (average diameter 36.8 nm),Non-derived,TRUE,23514,23814,"",""
S_VLDL_TG,Triglycerides in Small VLDL,mmol/L,Lipoprotein subclasses,Small VLDL (average diameter 36.8 nm),Non-derived,TRUE,23515,23815,"",""
XS_VLDL_P,Concentration of Very Small VLDL Particles,mmol/L,Lipoprotein subclasses,Very small VLDL (average diameter 31.3 nm),Non-derived,TRUE,23516,23816,"",""
XS_VLDL_L,Total Lipids in Very Small VLDL,mmol/L,Lipoprotein subclasses,Very small VLDL (average diameter 31.3 nm),Composite,TRUE,23517,23817,XS_VLDL_CE + XS_VLDL_FC + XS_VLDL_PL + XS_VLDL_TG,XS_VLDL_C + XS_VLDL_PL + XS_VLDL_TG
XS_VLDL_PL,Phospholipids in Very Small VLDL,mmol/L,Lipoprotein subclasses,Very small VLDL (average diameter 31.3 nm),Non-derived,TRUE,23518,23818,"",""
XS_VLDL_C,Cholesterol in Very Small VLDL,mmol/L,Lipoprotein subclasses,Very small VLDL (average diameter 31.3 nm),Composite,TRUE,23519,23819,XS_VLDL_CE + XS_VLDL_FC,XS_VLDL_CE + XS_VLDL_FC
XS_VLDL_CE,Cholesteryl Esters in Very Small VLDL,mmol/L,Lipoprotein subclasses,Very small VLDL (average diameter 31.3 nm),Non-derived,TRUE,23520,23820,"",""
XS_VLDL_FC,Free Cholesterol in Very Small VLDL,mmol/L,Lipoprotein subclasses,Very small VLDL (average diameter 31.3 nm),Non-derived,TRUE,23521,23821,"",""
XS_VLDL_TG,Triglycerides in Very Small VLDL,mmol/L,Lipoprotein subclasses,Very small VLDL (average diameter 31.3 nm),Non-derived,TRUE,23522,23822,"",""
IDL_P,Concentration of IDL Particles,mmol/L,Lipoprotein subclasses,IDL (average diameter 28.6 nm),Non-derived,TRUE,23523,23823,"",""
IDL_L,Total Lipids in IDL,mmol/L,Lipoprotein subclasses,IDL (average diameter 28.6 nm),Composite,TRUE,23524,23824,IDL_CE + IDL_FC + IDL_PL + IDL_TG,IDL_C + IDL_PL + IDL_TG
IDL_PL,Phospholipids in IDL,mmol/L,Lipoprotein subclasses,IDL (average diameter 28.6 nm),Non-derived,TRUE,23525,23825,"",""
IDL_C,Cholesterol in IDL,mmol/L,Lipoprotein subclasses,IDL (average diameter 28.6 nm),Composite,TRUE,23526,23826,IDL_CE + IDL_FC,IDL_CE + IDL_FC
IDL_CE,Cholesteryl Esters in IDL,mmol/L,Lipoprotein subclasses,IDL (average diameter 28.6 nm),Non-derived,TRUE,23527,23827,"",""
IDL_FC,Free Cholesterol in IDL,mmol/L,Lipoprotein subclasses,IDL (average diameter 28.6 nm),Non-derived,TRUE,23528,23828,"",""
IDL_TG,Triglycerides in IDL,mmol/L,Lipoprotein subclasses,IDL (average diameter 28.6 nm),Non-derived,TRUE,23529,23829,"",""
L_LDL_P,Concentration of Large LDL Particles,mmol/L,Lipoprotein subclasses,Large LDL (average diameter 25.5 nm),Non-derived,TRUE,23530,23830,"",""
L_LDL_L,Total Lipids in Large LDL,mmol/L,Lipoprotein subclasses,Large LDL (average diameter 25.5 nm),Composite,TRUE,23531,23831,L_LDL_CE + L_LDL_FC + L_LDL_PL + L_LDL_TG,L_LDL_C + L_LDL_PL + L_LDL_TG
L_LDL_PL,Phospholipids in Large LDL,mmol/L,Lipoprotein subclasses,Large LDL (average diameter 25.5 nm),Non-derived,TRUE,23532,23832,"",""
L_LDL_C,Cholesterol in Large LDL,mmol/L,Lipoprotein subclasses,Large LDL (average diameter 25.5 nm),Composite,TRUE,23533,23833,L_LDL_CE + L_LDL_FC,L_LDL_CE + L_LDL_FC
L_LDL_CE,Cholesteryl Esters in Large LDL,mmol/L,Lipoprotein subclasses,Large LDL (average diameter 25.5 nm),Non-derived,TRUE,23534,23834,"",""
L_LDL_FC,Free Cholesterol in Large LDL,mmol/L,Lipoprotein subclasses,Large LDL (average diameter 25.5 nm),Non-derived,TRUE,23535,23835,"",""
L_LDL_TG,Triglycerides in Large LDL,mmol/L,Lipoprotein subclasses,Large LDL (average diameter 25.5 nm),Non-derived,TRUE,23536,23836,"",""
M_LDL_P,Concentration of Medium LDL Particles,mmol/L,Lipoprotein subclasses,Medium LDL (average diameter 23 nm),Non-derived,TRUE,23537,23837,"",""
M_LDL_L,Total Lipids in Medium LDL,mmol/L,Lipoprotein subclasses,Medium LDL (average diameter 23 nm),Composite,TRUE,23538,23838,M_LDL_CE + M_LDL_FC + M_LDL_PL + M_LDL_TG,M_LDL_C + M_LDL_PL + M_LDL_TG
M_LDL_PL,Phospholipids in Medium LDL,mmol/L,Lipoprotein subclasses,Medium LDL (average diameter 23 nm),Non-derived,TRUE,23539,23839,"",""
M_LDL_C,Cholesterol in Medium LDL,mmol/L,Lipoprotein subclasses,Medium LDL (average diameter 23 nm),Composite,TRUE,23540,23840,M_LDL_CE + M_LDL_FC,M_LDL_CE + M_LDL_FC
M_LDL_CE,Cholesteryl Esters in Medium LDL,mmol/L,Lipoprotein subclasses,Medium LDL (average diameter 23 nm),Non-derived,TRUE,23541,23841,"",""
M_LDL_FC,Free Cholesterol in Medium LDL,mmol/L,Lipoprotein subclasses,Medium LDL (average diameter 23 nm),Non-derived,TRUE,23542,23842,"",""
M_LDL_TG,Triglycerides in Medium LDL,mmol/L,Lipoprotein subclasses,Medium LDL (average diameter 23 nm),Non-derived,TRUE,23543,23843,"",""
S_LDL_P,Concentration of Small LDL Particles,mmol/L,Lipoprotein subclasses,Small LDL (average diameter 18.7 nm),Non-derived,TRUE,23544,23844,"",""
S_LDL_L,Total Lipids in Small LDL,mmol/L,Lipoprotein subclasses,Small LDL (average diameter 18.7 nm),Composite,TRUE,23545,23845,S_LDL_CE + S_LDL_FC + S_LDL_PL + S_LDL_TG,S_LDL_C + S_LDL_PL + S_LDL_TG
S_LDL_PL,Phospholipids in Small LDL,mmol/L,Lipoprotein subclasses,Small LDL (average diameter 18.7 nm),Non-derived,TRUE,23546,23846,"",""
S_LDL_C,Cholesterol in Small LDL,mmol/L,Lipoprotein subclasses,Small LDL (average diameter 18.7 nm),Composite,TRUE,23547,23847,S_LDL_CE + S_LDL_FC,S_LDL_CE + S_LDL_FC
S_LDL_CE,Cholesteryl Esters in Small LDL,mmol/L,Lipoprotein subclasses,Small LDL (average diameter 18.7 nm),Non-derived,TRUE,23548,23848,"",""
S_LDL_FC,Free Cholesterol in Small LDL,mmol/L,Lipoprotein subclasses,Small LDL (average diameter 18.7 nm),Non-derived,TRUE,23549,23849,"",""
S_LDL_TG,Triglycerides in Small LDL,mmol/L,Lipoprotein subclasses,Small LDL (average diameter 18.7 nm),Non-derived,TRUE,23550,23850,"",""
XL_HDL_P,Concentration of Very Large HDL Particles,mmol/L,Lipoprotein subclasses,Very large HDL (average diameter 14.3 nm),Non-derived,TRUE,23551,23851,"",""
XL_HDL_L,Total Lipids in Very Large HDL,mmol/L,Lipoprotein subclasses,Very large HDL (average diameter 14.3 nm),Composite,TRUE,23552,23852,XL_HDL_CE + XL_HDL_FC + XL_HDL_PL + XL_HDL_TG,XL_HDL_C + XL_HDL_PL + XL_HDL_TG
XL_HDL_PL,Phospholipids in Very Large HDL,mmol/L,Lipoprotein subclasses,Very large HDL (average diameter 14.3 nm),Non-derived,TRUE,23553,23853,"",""
XL_HDL_C,Cholesterol in Very Large HDL,mmol/L,Lipoprotein subclasses,Very large HDL (average diameter 14.3 nm),Composite,TRUE,23554,23854,XL_HDL_CE + XL_HDL_FC,XL_HDL_CE + XL_HDL_FC
XL_HDL_CE,Cholesteryl Esters in Very Large HDL,mmol/L,Lipoprotein subclasses,Very large HDL (average diameter 14.3 nm),Non-derived,TRUE,23555,23855,"",""
XL_HDL_FC,Free Cholesterol in Very Large HDL,mmol/L,Lipoprotein subclasses,Very large HDL (average diameter 14.3 nm),Non-derived,TRUE,23556,23856,"",""
XL_HDL_TG,Triglycerides in Very Large HDL,mmol/L,Lipoprotein subclasses,Very large HDL (average diameter 14.3 nm),Non-derived,TRUE,23557,23857,"",""
L_HDL_P,Concentration of Large HDL Particles,mmol/L,Lipoprotein subclasses,Large HDL (average diameter 12.1 nm),Non-derived,TRUE,23558,23858,"",""
L_HDL_L,Total Lipids in Large HDL,mmol/L,Lipoprotein subclasses,Large HDL (average diameter 12.1 nm),Composite,TRUE,23559,23859,L_HDL_CE + L_HDL_FC + L_HDL_PL + L_HDL_TG,L_HDL_C + L_HDL_PL + L_HDL_TG
L_HDL_PL,Phospholipids in Large HDL,mmol/L,Lipoprotein subclasses,Large HDL (average diameter 12.1 nm),Non-derived,TRUE,23560,23860,"",""
L_HDL_C,Cholesterol in Large HDL,mmol/L,Lipoprotein subclasses,Large HDL (average diameter 12.1 nm),Composite,TRUE,23561,23861,L_HDL_CE + L_HDL_FC,L_HDL_CE + L_HDL_FC
L_HDL_CE,Cholesteryl Esters in Large HDL,mmol/L,Lipoprotein subclasses,Large HDL (average diameter 12.1 nm),Non-derived,TRUE,23562,23862,"",""
L_HDL_FC,Free Cholesterol in Large HDL,mmol/L,Lipoprotein subclasses,Large HDL (average diameter 12.1 nm),Non-derived,TRUE,23563,23863,"",""
L_HDL_TG,Triglycerides in Large HDL,mmol/L,Lipoprotein subclasses,Large HDL (average diameter 12.1 nm),Non-derived,TRUE,23564,23864,"",""
M_HDL_P,Concentration of Medium HDL Particles,mmol/L,Lipoprotein subclasses,Medium HDL (average diameter 10.9 nm),Non-derived,TRUE,23565,23865,"",""
M_HDL_L,Total Lipids in Medium HDL,mmol/L,Lipoprotein subclasses,Medium HDL (average diameter 10.9 nm),Composite,TRUE,23566,23866,M_HDL_CE + M_HDL_FC + M_HDL_PL + M_HDL_TG,M_HDL_C + M_HDL_PL + M_HDL_TG
M_HDL_PL,Phospholipids in Medium HDL,mmol/L,Lipoprotein subclasses,Medium HDL (average diameter 10.9 nm),Non-derived,TRUE,23567,23867,"",""
M_HDL_C,Cholesterol in Medium HDL,mmol/L,Lipoprotein subclasses,Medium HDL (average diameter 10.9 nm),Composite,TRUE,23568,23868,M_HDL_CE + M_HDL_FC,M_HDL_CE + M_HDL_FC
M_HDL_CE,Cholesteryl Esters in Medium HDL,mmol/L,Lipoprotein subclasses,Medium HDL (average diameter 10.9 nm),Non-derived,TRUE,23569,23869,"",""
M_HDL_FC,Free Cholesterol in Medium HDL,mmol/L,Lipoprotein subclasses,Medium HDL (average diameter 10.9 nm),Non-derived,TRUE,23570,23870,"",""
M_HDL_TG,Triglycerides in Medium HDL,mmol/L,Lipoprotein subclasses,Medium HDL (average diameter 10.9 nm),Non-derived,TRUE,23571,23871,"",""
S_HDL_P,Concentration of Small HDL Particles,mmol/L,Lipoprotein subclasses,Small HDL (average diameter 8.7 nm),Non-derived,TRUE,23572,23872,"",""
S_HDL_L,Total Lipids in Small HDL,mmol/L,Lipoprotein subclasses,Small HDL (average diameter 8.7 nm),Composite,TRUE,23573,23873,S_HDL_CE + S_HDL_FC + S_HDL_PL + S_HDL_TG,S_HDL_C + S_HDL_PL + S_HDL_TG
S_HDL_PL,Phospholipids in Small HDL,mmol/L,Lipoprotein subclasses,Small HDL (average diameter 8.7 nm),Non-derived,TRUE,23574,23874,"",""
S_HDL_C,Cholesterol in Small HDL,mmol/L,Lipoprotein subclasses,Small HDL (average diameter 8.7 nm),Composite,TRUE,23575,23875,S_HDL_CE + S_HDL_FC,S_HDL_CE + S_HDL_FC
S_HDL_CE,Cholesteryl Esters in Small HDL,mmol/L,Lipoprotein subclasses,Small HDL (average diameter 8.7 nm),Non-derived,TRUE,23576,23876,"",""
S_HDL_FC,Free Cholesterol in Small HDL,mmol/L,Lipoprotein subclasses,Small HDL (average diameter 8.7 nm),Non-derived,TRUE,23577,23877,"",""
S_HDL_TG,Triglycerides in Small HDL,mmol/L,Lipoprotein subclasses,Small HDL (average diameter 8.7 nm),Non-derived,TRUE,23578,23878,"",""
XXL_VLDL_PL_pct,Phospholipids to Total Lipids in Chylomicrons and Extremely Large VLDL percentage,%,Relative lipoprotein lipid concentrations,Chylomicrons and extremely large VLDL ratios,Percentage,TRUE,23579,23879,XXL_VLDL_PL / (XXL_VLDL_CE + XXL_VLDL_FC + XXL_VLDL_PL + XXL_VLDL_TG) * 100,XXL_VLDL_PL / XXL_VLDL_L * 100
XXL_VLDL_C_pct,Cholesterol to Total Lipids in Chylomicrons and Extremely Large VLDL percentage,%,Relative lipoprotein lipid concentrations,Chylomicrons and extremely large VLDL ratios,Percentage,TRUE,23580,23880,(XXL_VLDL_CE + XXL_VLDL_FC) / (XXL_VLDL_CE + XXL_VLDL_FC + XXL_VLDL_PL + XXL_VLDL_TG) * 100,XXL_VLDL_C / XXL_VLDL_L * 100
XXL_VLDL_CE_pct,Cholesteryl Esters to Total Lipids in Chylomicrons and Extremely Large VLDL percentage,%,Relative lipoprotein lipid concentrations,Chylomicrons and extremely large VLDL ratios,Percentage,TRUE,23581,23881,XXL_VLDL_CE / (XXL_VLDL_CE + XXL_VLDL_FC + XXL_VLDL_PL + XXL_VLDL_TG) * 100,XXL_VLDL_CE / XXL_VLDL_L * 100
XXL_VLDL_FC_pct,Free Cholesterol to Total Lipids in Chylomicrons and Extremely Large VLDL percentage,%,Relative lipoprotein lipid concentrations,Chylomicrons and extremely large VLDL ratios,Percentage,TRUE,23582,23882,XXL_VLDL_FC / (XXL_VLDL_CE + XXL_VLDL_FC + XXL_VLDL_PL + XXL_VLDL_TG) * 100,XXL_VLDL_FC / XXL_VLDL_L * 100
XXL_VLDL_TG_pct,Triglycerides to Total Lipids in Chylomicrons and Extremely Large VLDL percentage,%,Relative lipoprotein lipid concentrations,Chylomicrons and extremely large VLDL ratios,Percentage,TRUE,23583,23883,XXL_VLDL_TG / (XXL_VLDL_CE + XXL_VLDL_FC + XXL_VLDL_PL + XXL_VLDL_TG) * 100,XXL_VLDL_TG / XXL_VLDL_L * 100
XL_VLDL_PL_pct,Phospholipids to Total Lipids in Very Large VLDL percentage,%,Relative lipoprotein lipid concentrations,Very large VLDL ratios,Percentage,TRUE,23584,23884,XL_VLDL_PL / (XL_VLDL_CE + XL_VLDL_FC + XL_VLDL_PL + XL_VLDL_TG) * 100,XL_VLDL_PL / XL_VLDL_L * 100
XL_VLDL_C_pct,Cholesterol to Total Lipids in Very Large VLDL percentage,%,Relative lipoprotein lipid concentrations,Very large VLDL ratios,Percentage,TRUE,23585,23885,(XL_VLDL_CE + XL_VLDL_FC) / (XL_VLDL_CE + XL_VLDL_FC + XL_VLDL_PL + XL_VLDL_TG) * 100,XL_VLDL_C / XL_VLDL_L * 100
XL_VLDL_CE_pct,Cholesteryl Esters to Total Lipids in Very Large VLDL percentage,%,Relative lipoprotein lipid concentrations,Very large VLDL ratios,Percentage,TRUE,23586,23886,XL_VLDL_CE / (XL_VLDL_CE + XL_VLDL_FC + XL_VLDL_PL + XL_VLDL_TG) * 100,XL_VLDL_CE / XL_VLDL_L * 100
XL_VLDL_FC_pct,Free Cholesterol to Total Lipids in Very Large VLDL percentage,%,Relative lipoprotein lipid concentrations,Very large VLDL ratios,Percentage,TRUE,23587,23887,XL_VLDL_FC / (XL_VLDL_CE + XL_VLDL_FC + XL_VLDL_PL + XL_VLDL_TG) * 100,XL_VLDL_FC / XL_VLDL_L * 100
XL_VLDL_TG_pct,Triglycerides to Total Lipids in Very Large VLDL percentage,%,Relative lipoprotein lipid concentrations,Very large VLDL ratios,Percentage,TRUE,23588,23888,XL_VLDL_TG / (XL_VLDL_CE + XL_VLDL_FC + XL_VLDL_PL + XL_VLDL_TG) * 100,XL_VLDL_TG / XL_VLDL_L * 100
L_VLDL_PL_pct,Phospholipids to Total Lipids in Large VLDL percentage,%,Relative lipoprotein lipid concentrations,Large VLDL ratios,Percentage,TRUE,23589,23889,L_VLDL_PL / (L_VLDL_CE + L_VLDL_FC + L_VLDL_PL + L_VLDL_TG) * 100,L_VLDL_PL / L_VLDL_L * 100
L_VLDL_C_pct,Cholesterol to Total Lipids in Large VLDL percentage,%,Relative lipoprotein lipid concentrations,Large VLDL ratios,Percentage,TRUE,23590,23890,(L_VLDL_CE + L_VLDL_FC) / (L_VLDL_CE + L_VLDL_FC + L_VLDL_PL + L_VLDL_TG) * 100,L_VLDL_C / L_VLDL_L * 100
L_VLDL_CE_pct,Cholesteryl Esters to Total Lipids in Large VLDL percentage,%,Relative lipoprotein lipid concentrations,Large VLDL ratios,Percentage,TRUE,23591,23891,L_VLDL_CE / (L_VLDL_CE + L_VLDL_FC + L_VLDL_PL + L_VLDL_TG) * 100,L_VLDL_CE / L_VLDL_L * 100
L_VLDL_FC_pct,Free Cholesterol to Total Lipids in Large VLDL percentage,%,Relative lipoprotein lipid concentrations,Large VLDL ratios,Percentage,TRUE,23592,23892,L_VLDL_FC / (L_VLDL_CE + L_VLDL_FC + L_VLDL_PL + L_VLDL_TG) * 100,L_VLDL_FC / L_VLDL_L * 100
L_VLDL_TG_pct,Triglycerides to Total Lipids in Large VLDL percentage,%,Relative lipoprotein lipid concentrations,Large VLDL ratios,Percentage,TRUE,23593,23893,L_VLDL_TG / (L_VLDL_CE + L_VLDL_FC + L_VLDL_PL + L_VLDL_TG) * 100,L_VLDL_TG / L_VLDL_L * 100
M_VLDL_PL_pct,Phospholipids to Total Lipids in Medium VLDL percentage,%,Relative lipoprotein lipid concentrations,Medium VLDL ratios,Percentage,TRUE,23594,23894,M_VLDL_PL / (M_VLDL_CE + M_VLDL_FC + M_VLDL_PL + M_VLDL_TG) * 100,M_VLDL_PL / M_VLDL_L * 100
M_VLDL_C_pct,Cholesterol to Total Lipids in Medium VLDL percentage,%,Relative lipoprotein lipid concentrations,Medium VLDL ratios,Percentage,TRUE,23595,23895,(M_VLDL_CE + M_VLDL_FC) / (M_VLDL_CE + M_VLDL_FC + M_VLDL_PL + M_VLDL_TG) * 100,M_VLDL_C / M_VLDL_L * 100
M_VLDL_CE_pct,Cholesteryl Esters to Total Lipids in Medium VLDL percentage,%,Relative lipoprotein lipid concentrations,Medium VLDL ratios,Percentage,TRUE,23596,23896,M_VLDL_CE / (M_VLDL_CE + M_VLDL_FC + M_VLDL_PL + M_VLDL_TG) * 100,M_VLDL_CE / M_VLDL_L * 100
M_VLDL_FC_pct,Free Cholesterol to Total Lipids in Medium VLDL percentage,%,Relative lipoprotein lipid concentrations,Medium VLDL ratios,Percentage,TRUE,23597,23897,M_VLDL_FC / (M_VLDL_CE + M_VLDL_FC + M_VLDL_PL + M_VLDL_TG) * 100,M_VLDL_FC / M_VLDL_L * 100
M_VLDL_TG_pct,Triglycerides to Total Lipids in Medium VLDL percentage,%,Relative lipoprotein lipid concentrations,Medium VLDL ratios,Percentage,TRUE,23598,23898,M_VLDL_TG / (M_VLDL_CE + M_VLDL_FC + M_VLDL_PL + M_VLDL_TG) * 100,M_VLDL_TG / M_VLDL_L * 100
S_VLDL_PL_pct,Phospholipids to Total Lipids in Small VLDL percentage,%,Relative lipoprotein lipid concentrations,Small VLDL ratios,Percentage,TRUE,23599,23899,S_VLDL_PL / (S_VLDL_CE + S_VLDL_FC + S_VLDL_PL + S_VLDL_TG) * 100,S_VLDL_PL / S_VLDL_L * 100
S_VLDL_C_pct,Cholesterol to Total Lipids in Small VLDL percentage,%,Relative lipoprotein lipid concentrations,Small VLDL ratios,Percentage,TRUE,23600,23900,(S_VLDL_CE + S_VLDL_FC) / (S_VLDL_CE + S_VLDL_FC + S_VLDL_PL + S_VLDL_TG) * 100,S_VLDL_C / S_VLDL_L * 100
S_VLDL_CE_pct,Cholesteryl Esters to Total Lipids in Small VLDL percentage,%,Relative lipoprotein lipid concentrations,Small VLDL ratios,Percentage,TRUE,23601,23901,S_VLDL_CE / (S_VLDL_CE + S_VLDL_FC + S_VLDL_PL + S_VLDL_TG) * 100,S_VLDL_CE / S_VLDL_L * 100
S_VLDL_FC_pct,Free Cholesterol to Total Lipids in Small VLDL percentage,%,Relative lipoprotein lipid concentrations,Small VLDL ratios,Percentage,TRUE,23602,23902,S_VLDL_FC / (S_VLDL_CE + S_VLDL_FC + S_VLDL_PL + S_VLDL_TG) * 100,S_VLDL_FC / S_VLDL_L * 100
S_VLDL_TG_pct,Triglycerides to Total Lipids in Small VLDL percentage,%,Relative lipoprotein lipid concentrations,Small VLDL ratios,Percentage,TRUE,23603,23903,S_VLDL_TG / (S_VLDL_CE + S_VLDL_FC + S_VLDL_PL + S_VLDL_TG) * 100,S_VLDL_TG / S_VLDL_L * 100
XS_VLDL_PL_pct,Phospholipids to Total Lipids in Very Small VLDL percentage,%,Relative lipoprotein lipid concentrations,Very small VLDL ratios,Percentage,TRUE,23604,23904,XS_VLDL_PL / (XS_VLDL_CE + XS_VLDL_FC + XS_VLDL_PL + XS_VLDL_TG) * 100,XS_VLDL_PL / XS_VLDL_L * 100
XS_VLDL_C_pct,Cholesterol to Total Lipids in Very Small VLDL percentage,%,Relative lipoprotein lipid concentrations,Very small VLDL ratios,Percentage,TRUE,23605,23905,(XS_VLDL_CE + XS_VLDL_FC) / (XS_VLDL_CE + XS_VLDL_FC + XS_VLDL_PL + XS_VLDL_TG) * 100,XS_VLDL_C / XS_VLDL_L * 100
XS_VLDL_CE_pct,Cholesteryl Esters to Total Lipids in Very Small VLDL percentage,%,Relative lipoprotein lipid concentrations,Very small VLDL ratios,Percentage,TRUE,23606,23906,XS_VLDL_CE / (XS_VLDL_CE + XS_VLDL_FC + XS_VLDL_PL + XS_VLDL_TG) * 100,XS_VLDL_CE / XS_VLDL_L * 100
XS_VLDL_FC_pct,Free Cholesterol to Total Lipids in Very Small VLDL percentage,%,Relative lipoprotein lipid concentrations,Very small VLDL ratios,Percentage,TRUE,23607,23907,XS_VLDL_FC / (XS_VLDL_CE + XS_VLDL_FC + XS_VLDL_PL + XS_VLDL_TG) * 100,XS_VLDL_FC / XS_VLDL_L * 100
XS_VLDL_TG_pct,Triglycerides to Total Lipids in Very Small VLDL percentage,%,Relative lipoprotein lipid concentrations,Very small VLDL ratios,Percentage,TRUE,23608,23908,XS_VLDL_TG / (XS_VLDL_CE + XS_VLDL_FC + XS_VLDL_PL + XS_VLDL_TG) * 100,XS_VLDL_TG / XS_VLDL_L * 100
IDL_PL_pct,Phospholipids to Total Lipids in IDL percentage,%,Relative lipoprotein lipid concentrations,IDL ratios,Percentage,TRUE,23609,23909,IDL_PL / (IDL_CE + IDL_FC + IDL_PL + IDL_TG) * 100,IDL_PL / IDL_L * 100
IDL_C_pct,Cholesterol to Total Lipids in IDL percentage,%,Relative lipoprotein lipid concentrations,IDL ratios,Percentage,TRUE,23610,23910,(IDL_CE + IDL_FC) / (IDL_CE + IDL_FC + IDL_PL + IDL_TG) * 100,IDL_C / IDL_L * 100
IDL_CE_pct,Cholesteryl Esters to Total Lipids in IDL percentage,%,Relative lipoprotein lipid concentrations,IDL ratios,Percentage,TRUE,23611,23911,IDL_CE / (IDL_CE + IDL_FC + IDL_PL + IDL_TG) * 100,IDL_CE / IDL_L * 100
IDL_FC_pct,Free Cholesterol to Total Lipids in IDL percentage,%,Relative lipoprotein lipid concentrations,IDL ratios,Percentage,TRUE,23612,23912,IDL_FC / (IDL_CE + IDL_FC + IDL_PL + IDL_TG) * 100,IDL_FC / IDL_L * 100
IDL_TG_pct,Triglycerides to Total Lipids in IDL percentage,%,Relative lipoprotein lipid concentrations,IDL ratios,Percentage,TRUE,23613,23913,IDL_TG / (IDL_CE + IDL_FC + IDL_PL + IDL_TG) * 100,IDL_TG / IDL_L * 100
L_LDL_PL_pct,Phospholipids to Total Lipids in Large LDL percentage,%,Relative lipoprotein lipid concentrations,Large LDL ratios,Percentage,TRUE,23614,23914,L_LDL_PL / (L_LDL_CE + L_LDL_FC + L_LDL_PL + L_LDL_TG) * 100,L_LDL_PL / L_LDL_L * 100
L_LDL_C_pct,Cholesterol to Total Lipids in Large LDL percentage,%,Relative lipoprotein lipid concentrations,Large LDL ratios,Percentage,TRUE,23615,23915,(L_LDL_CE + L_LDL_FC) / (L_LDL_CE + L_LDL_FC + L_LDL_PL + L_LDL_TG) * 100,L_LDL_C / L_LDL_L * 100
L_LDL_CE_pct,Cholesteryl Esters to Total Lipids in Large LDL percentage,%,Relative lipoprotein lipid concentrations,Large LDL ratios,Percentage,TRUE,23616,23916,L_LDL_CE / (L_LDL_CE + L_LDL_FC + L_LDL_PL + L_LDL_TG) * 100,L_LDL_CE / L_LDL_L * 100
L_LDL_FC_pct,Free Cholesterol to Total Lipids in Large LDL percentage,%,Relative lipoprotein lipid concentrations,Large LDL ratios,Percentage,TRUE,23617,23917,L_LDL_FC / (L_LDL_CE + L_LDL_FC + L_LDL_PL + L_LDL_TG) * 100,L_LDL_FC / L_LDL_L * 100
L_LDL_TG_pct,Triglycerides to Total Lipids in Large LDL percentage,%,Relative lipoprotein lipid concentrations,Large LDL ratios,Percentage,TRUE,23618,23918,L_LDL_TG / (L_LDL_CE + L_LDL_FC + L_LDL_PL + L_LDL_TG) * 100,L_LDL_TG / L_LDL_L * 100
M_LDL_PL_pct,Phospholipids to Total Lipids in Medium LDL percentage,%,Relative lipoprotein lipid concentrations,Medium LDL ratios,Percentage,TRUE,23619,23919,M_LDL_PL / (M_LDL_CE + M_LDL_FC + M_LDL_PL + M_LDL_TG) * 100,M_LDL_PL / M_LDL_L * 100
M_LDL_C_pct,Cholesterol to Total Lipids in Medium LDL percentage,%,Relative lipoprotein lipid concentrations,Medium LDL ratios,Percentage,TRUE,23620,23920,(M_LDL_CE + M_LDL_FC) / (M_LDL_CE + M_LDL_FC + M_LDL_PL + M_LDL_TG) * 100,M_LDL_C / M_LDL_L * 100
M_LDL_CE_pct,Cholesteryl Esters to Total Lipids in Medium LDL percentage,%,Relative lipoprotein lipid concentrations,Medium LDL ratios,Percentage,TRUE,23621,23921,M_LDL_CE / (M_LDL_CE + M_LDL_FC + M_LDL_PL + M_LDL_TG) * 100,M_LDL_CE / M_LDL_L * 100
M_LDL_FC_pct,Free Cholesterol to Total Lipids in Medium LDL percentage,%,Relative lipoprotein lipid concentrations,Medium LDL ratios,Percentage,TRUE,23622,23922,M_LDL_FC / (M_LDL_CE + M_LDL_FC + M_LDL_PL + M_LDL_TG) * 100,M_LDL_FC / M_LDL_L * 100
M_LDL_TG_pct,Triglycerides to Total Lipids in Medium LDL percentage,%,Relative lipoprotein lipid concentrations,Medium LDL ratios,Percentage,TRUE,23623,23923,M_LDL_TG / (M_LDL_CE + M_LDL_FC + M_LDL_PL + M_LDL_TG) * 100,M_LDL_TG / M_LDL_L * 100
S_LDL_PL_pct,Phospholipids to Total Lipids in Small LDL percentage,%,Relative lipoprotein lipid concentrations,Small LDL ratios,Percentage,TRUE,23624,23924,S_LDL_PL / (S_LDL_CE + S_LDL_FC + S_LDL_PL + S_LDL_TG) * 100,S_LDL_PL / S_LDL_L * 100
S_LDL_C_pct,Cholesterol to Total Lipids in Small LDL percentage,%,Relative lipoprotein lipid concentrations,Small LDL ratios,Percentage,TRUE,23625,23925,(S_LDL_CE + S_LDL_FC) / (S_LDL_CE + S_LDL_FC + S_LDL_PL + S_LDL_TG) * 100,S_LDL_C / S_LDL_L * 100
S_LDL_CE_pct,Cholesteryl Esters to Total Lipids in Small LDL percentage,%,Relative lipoprotein lipid concentrations,Small LDL ratios,Percentage,TRUE,23626,23926,S_LDL_CE / (S_LDL_CE + S_LDL_FC + S_LDL_PL + S_LDL_TG) * 100,S_LDL_CE / S_LDL_L * 100
S_LDL_FC_pct,Free Cholesterol to Total Lipids in Small LDL percentage,%,Relative lipoprotein lipid concentrations,Small LDL ratios,Percentage,TRUE,23627,23927,S_LDL_FC / (S_LDL_CE + S_LDL_FC + S_LDL_PL + S_LDL_TG) * 100,S_LDL_FC / S_LDL_L * 100
S_LDL_TG_pct,Triglycerides to Total Lipids in Small LDL percentage,%,Relative lipoprotein lipid concentrations,Small LDL ratios,Percentage,TRUE,23628,23928,S_LDL_TG / (S_LDL_CE + S_LDL_FC + S_LDL_PL + S_LDL_TG) * 100,S_LDL_TG / S_LDL_L * 100
XL_HDL_PL_pct,Phospholipids to Total Lipids in Very Large HDL percentage,%,Relative lipoprotein lipid concentrations,Very large HDL ratios,Percentage,TRUE,23629,23929,XL_HDL_PL / (XL_HDL_CE + XL_HDL_FC + XL_HDL_PL + XL_HDL_TG) * 100,XL_HDL_PL / XL_HDL_L * 100
XL_HDL_C_pct,Cholesterol to Total Lipids in Very Large HDL percentage,%,Relative lipoprotein lipid concentrations,Very large HDL ratios,Percentage,TRUE,23630,23930,(XL_HDL_CE + XL_HDL_FC) / (XL_HDL_CE + XL_HDL_FC + XL_HDL_PL + XL_HDL_TG) * 100,XL_HDL_C / XL_HDL_L * 100
XL_HDL_CE_pct,Cholesteryl Esters to Total Lipids in Very Large HDL percentage,%,Relative lipoprotein lipid concentrations,Very large HDL ratios,Percentage,TRUE,23631,23931,XL_HDL_CE / (XL_HDL_CE + XL_HDL_FC + XL_HDL_PL + XL_HDL_TG) * 100,XL_HDL_CE / XL_HDL_L * 100
XL_HDL_FC_pct,Free Cholesterol to Total Lipids in Very Large HDL percentage,%,Relative lipoprotein lipid concentrations,Very large HDL ratios,Percentage,TRUE,23632,23932,XL_HDL_FC / (XL_HDL_CE + XL_HDL_FC + XL_HDL_PL + XL_HDL_TG) * 100,XL_HDL_FC / XL_HDL_L * 100
XL_HDL_TG_pct,Triglycerides to Total Lipids in Very Large HDL percentage,%,Relative lipoprotein lipid concentrations,Very large HDL ratios,Percentage,TRUE,23633,23933,XL_HDL_TG / (XL_HDL_CE + XL_HDL_FC + XL_HDL_PL + XL_HDL_TG) * 100,XL_HDL_TG / XL_HDL_L * 100
L_HDL_PL_pct,Phospholipids to Total Lipids in Large HDL percentage,%,Relative lipoprotein lipid concentrations,Large HDL ratios,Percentage,TRUE,23634,23934,L_HDL_PL / (L_HDL_CE + L_HDL_FC + L_HDL_PL + L_HDL_TG)  * 100,L_HDL_PL / L_HDL_L  * 100
L_HDL_C_pct,Cholesterol to Total Lipids in Large HDL percentage,%,Relative lipoprotein lipid concentrations,Large HDL ratios,Percentage,TRUE,23635,23935,(L_HDL_CE + L_HDL_FC) / (L_HDL_CE + L_HDL_FC + L_HDL_PL + L_HDL_TG) * 100,L_HDL_C / L_HDL_L * 100
L_HDL_CE_pct,Cholesteryl Esters to Total Lipids in Large HDL percentage,%,Relative lipoprotein lipid concentrations,Large HDL ratios,Percentage,TRUE,23636,23936,L_HDL_CE / (L_HDL_CE + L_HDL_FC + L_HDL_PL + L_HDL_TG)  * 100,L_HDL_CE / L_HDL_L  * 100
L_HDL_FC_pct,Free Cholesterol to Total Lipids in Large HDL percentage,%,Relative lipoprotein lipid concentrations,Large HDL ratios,Percentage,TRUE,23637,23937,L_HDL_FC / (L_HDL_CE + L_HDL_FC + L_HDL_PL + L_HDL_TG)  * 100,L_HDL_FC / L_HDL_L  * 100
L_HDL_TG_pct,Triglycerides to Total Lipids in Large HDL percentage,%,Relative lipoprotein lipid concentrations,Large HDL ratios,Percentage,TRUE,23638,23938,L_HDL_TG / (L_HDL_CE + L_HDL_FC + L_HDL_PL + L_HDL_TG)  * 100,L_HDL_TG / L_HDL_L  * 100
M_HDL_PL_pct,Phospholipids to Total Lipids in Medium HDL percentage,%,Relative lipoprotein lipid concentrations,Medium HDL ratios,Percentage,TRUE,23639,23939,M_HDL_PL / (M_HDL_CE + M_HDL_FC + M_HDL_PL + M_HDL_TG) * 100,M_HDL_PL / M_HDL_L * 100
M_HDL_C_pct,Cholesterol to Total Lipids in Medium HDL percentage,%,Relative lipoprotein lipid concentrations,Medium HDL ratios,Percentage,TRUE,23640,23940,(M_HDL_CE + M_HDL_FC) / (M_HDL_CE + M_HDL_FC + M_HDL_PL + M_HDL_TG) * 100,M_HDL_C / M_HDL_L * 100
M_HDL_CE_pct,Cholesteryl Esters to Total Lipids in Medium HDL percentage,%,Relative lipoprotein lipid concentrations,Medium HDL ratios,Percentage,TRUE,23641,23941,M_HDL_CE / (M_HDL_CE + M_HDL_FC + M_HDL_PL + M_HDL_TG) * 100,M_HDL_CE / M_HDL_L * 100
M_HDL_FC_pct,Free Cholesterol to Total Lipids in Medium HDL percentage,%,Relative lipoprotein lipid concentrations,Medium HDL ratios,Percentage,TRUE,23642,23942,M_HDL_FC / (M_HDL_CE + M_HDL_FC + M_HDL_PL + M_HDL_TG) * 100,M_HDL_FC / M_HDL_L * 100
M_HDL_TG_pct,Triglycerides to Total Lipids in Medium HDL percentage,%,Relative lipoprotein lipid concentrations,Medium HDL ratios,Percentage,TRUE,23643,23943,M_HDL_TG / (M_HDL_CE + M_HDL_FC + M_HDL_PL + M_HDL_TG) * 100,M_HDL_TG / M_HDL_L * 100
S_HDL_PL_pct,Phospholipids to Total Lipids in Small HDL percentage,%,Relative lipoprotein lipid concentrations,Small HDL ratios,Percentage,TRUE,23644,23944,S_HDL_PL / (S_HDL_CE + S_HDL_FC + S_HDL_PL + S_HDL_TG) * 100,S_HDL_PL / S_HDL_L * 100
S_HDL_C_pct,Cholesterol to Total Lipids in Small HDL percentage,%,Relative lipoprotein lipid concentrations,Small HDL ratios,Percentage,TRUE,23645,23945,(S_HDL_CE + S_HDL_FC) / (S_HDL_CE + S_HDL_FC + S_HDL_PL + S_HDL_TG) * 100,S_HDL_C / S_HDL_L * 100
S_HDL_CE_pct,Cholesteryl Esters to Total Lipids in Small HDL percentage,%,Relative lipoprotein lipid concentrations,Small HDL ratios,Percentage,TRUE,23646,23946,S_HDL_CE / (S_HDL_CE + S_HDL_FC + S_HDL_PL + S_HDL_TG) * 100,S_HDL_CE / S_HDL_L * 100
S_HDL_FC_pct,Free Cholesterol to Total Lipids in Small HDL percentage,%,Relative lipoprotein lipid concentrations,Small HDL ratios,Percentage,TRUE,23647,23947,S_HDL_FC / (S_HDL_CE + S_HDL_FC + S_HDL_PL + S_HDL_TG) * 100,S_HDL_FC / S_HDL_L * 100
S_HDL_TG_pct,Triglycerides to Total Lipids in Small HDL percentage,%,Relative lipoprotein lipid concentrations,Small HDL ratios,Percentage,TRUE,23648,23948,S_HDL_TG / (S_HDL_CE + S_HDL_FC + S_HDL_PL + S_HDL_TG) * 100,S_HDL_TG / S_HDL_L * 100
HDL_C_pct,Cholesterol to Total Lipids in HDL percentage,%,Relative lipid concentrations,"",Percentage,FALSE,,,(XL_HDL_CE + XL_HDL_FC + L_HDL_CE + L_HDL_FC + M_HDL_CE + M_HDL_FC + S_HDL_CE + S_HDL_FC) / (XL_HDL_CE + XL_HDL_FC + XL_HDL_PL + XL_HDL_TG + L_HDL_CE + L_HDL_FC + L_HDL_PL + L_HDL_TG + M_HDL_CE + M_HDL_FC + M_HDL_PL + M_HDL_TG + S_HDL_CE + S_HDL_FC + S_HDL_PL + S_HDL_TG) * 100,HDL_C / HDL_L * 100
HDL_CE_pct,Cholesteryl Esters to Total Lipids in HDL percentage,%,Relative lipid concentrations,"",Percentage,FALSE,,,(XL_HDL_CE + L_HDL_CE + M_HDL_CE + S_HDL_CE) / (XL_HDL_CE + XL_HDL_FC + XL_HDL_PL + XL_HDL_TG + L_HDL_CE + L_HDL_FC + L_HDL_PL + L_HDL_TG + M_HDL_CE + M_HDL_FC + M_HDL_PL + M_HDL_TG + S_HDL_CE + S_HDL_FC + S_HDL_PL + S_HDL_TG) * 100,HDL_CE / HDL_L * 100
HDL_CE_pct_C,Cholesteryl Esters to Cholesterol in HDL percentage,%,Relative cholesterol concentrations,"",Percentage,FALSE,,,(XL_HDL_CE + L_HDL_CE + M_HDL_CE + S_HDL_CE) / (XL_HDL_CE + L_HDL_CE + M_HDL_CE + S_HDL_CE + XL_HDL_FC + L_HDL_FC + M_HDL_FC + S_HDL_FC) * 100,HDL_CE / HDL_C * 100
HDL_FC_by_CE,Free Cholesterol to Cholesteryl Esters in HDL percentage,ratio,Relative lipid concentrations,"",Ratio,FALSE,,,(XL_HDL_FC + L_HDL_FC + M_HDL_FC + S_HDL_FC) / (XL_HDL_CE + L_HDL_CE + M_HDL_CE + S_HDL_CE),HDL_FC / HDL_CE
HDL_FC_pct,Free Cholesterol to Total Lipids in HDL percentage,%,Relative lipid concentrations,"",Percentage,FALSE,,,(XL_HDL_FC + L_HDL_FC + M_HDL_FC + S_HDL_FC) / (XL_HDL_CE + XL_HDL_FC + XL_HDL_PL + XL_HDL_TG + L_HDL_CE + L_HDL_FC + L_HDL_PL + L_HDL_TG + M_HDL_CE + M_HDL_FC + M_HDL_PL + M_HDL_TG + S_HDL_CE + S_HDL_FC + S_HDL_PL + S_HDL_TG) * 100,HDL_FC / HDL_L * 100
HDL_FC_pct_C,Free Cholesterol to Cholesterol in HDL percentage,%,Relative cholesterol concentrations,"",Percentage,FALSE,,,(XL_HDL_FC + L_HDL_FC + M_HDL_FC + S_HDL_FC) / (XL_HDL_CE + L_HDL_CE + M_HDL_CE + S_HDL_CE + XL_HDL_FC + L_HDL_FC + M_HDL_FC + S_HDL_FC) * 100,HDL_FC / HDL_C * 100
HDL_PL_pct,Phospholipids to Total Lipids in HDL percentage,%,Relative lipid concentrations,"",Percentage,FALSE,,,(XL_HDL_PL + L_HDL_PL + M_HDL_PL + S_HDL_PL) / (XL_HDL_CE + XL_HDL_FC + XL_HDL_PL + XL_HDL_TG + L_HDL_CE + L_HDL_FC + L_HDL_PL + L_HDL_TG + M_HDL_CE + M_HDL_FC + M_HDL_PL + M_HDL_TG + S_HDL_CE + S_HDL_FC + S_HDL_PL + S_HDL_TG) * 100,HDL_PL / HDL_L * 100
HDL_TG_pct,Triglycerides to Total Lipids in HDL percentage,%,Relative lipid concentrations,"",Percentage,FALSE,,,(XL_HDL_TG + L_HDL_TG + M_HDL_TG + S_HDL_TG) / (XL_HDL_CE + XL_HDL_FC + XL_HDL_PL + XL_HDL_TG + L_HDL_CE + L_HDL_FC + L_HDL_PL + L_HDL_TG + M_HDL_CE + M_HDL_FC + M_HDL_PL + M_HDL_TG + S_HDL_CE + S_HDL_FC + S_HDL_PL + S_HDL_TG) * 100,HDL_TG / HDL_L * 100
IDL_CE_pct_C,Cholesteryl Esters to Cholesterol in IDL percentage,%,Relative lipoprotein cholesterol concentrations,IDL ratios,Percentage,FALSE,,,IDL_CE / (IDL_CE + IDL_FC) * 100,IDL_CE / IDL_C * 100
IDL_FC_by_CE,Free Cholesterol to Cholesteryl Esters in IDL percentage,ratio,Relative lipoprotein lipid concentrations,IDL ratios,Ratio,FALSE,,,IDL_FC / IDL_CE,IDL_FC / IDL_CE
IDL_FC_pct_C,Free Cholesterol to Cholesterol in IDL percentage,%,Relative lipoprotein cholesterol concentrations,IDL ratios,Percentage,FALSE,,,IDL_FC / (IDL_CE + IDL_FC) * 100,IDL_FC / IDL_C * 100
L_HDL_CE_pct_C,Cholesteryl Esters to Cholesterol in Large HDL percentage,%,Relative lipoprotein cholesterol concentrations,Large HDL ratios,Percentage,FALSE,,,L_HDL_CE / (L_HDL_CE + L_HDL_FC) * 100,L_HDL_CE / L_HDL_C * 100
L_HDL_FC_by_CE,Free Cholesterol to Cholesteryl Esters in Large HDL ratio,ratio,Relative lipoprotein lipid concentrations,Large HDL ratios,Ratio,FALSE,,,L_HDL_FC / L_HDL_CE,L_HDL_FC / L_HDL_CE
L_HDL_FC_pct_C,Free Cholesterol to Cholesterol in Large HDL percentage,%,Relative lipoprotein cholesterol concentrations,Large HDL ratios,Percentage,FALSE,,,L_HDL_FC / (L_HDL_CE + L_HDL_FC) * 100,L_HDL_FC / L_HDL_C * 100
L_LDL_CE_pct_C,Cholesteryl Esters to Cholesterol in Large LDL percentage,%,Relative lipoprotein cholesterol concentrations,Large LDL ratios,Percentage,FALSE,,,L_LDL_CE / (L_LDL_CE + L_LDL_FC) * 100,L_LDL_CE / L_LDL_C * 100
L_LDL_FC_by_CE,Free Cholesterol to Cholesteryl Esters in Large LDL ratio,ratio,Relative lipoprotein lipid concentrations,Large LDL ratios,Ratio,FALSE,,,L_LDL_FC / L_LDL_CE,L_LDL_FC / L_LDL_CE
L_LDL_FC_pct_C,Free Cholesterol to Cholesterol in Large LDL percentage,%,Relative lipoprotein cholesterol concentrations,Large LDL ratios,Percentage,FALSE,,,L_LDL_FC / (L_LDL_CE + L_LDL_FC) * 100,L_LDL_FC / L_LDL_C * 100
L_VLDL_CE_pct_C,Cholesteryl Esters to Cholesterol in Large VLDL percentage,%,Relative lipoprotein cholesterol concentrations,Large VLDL ratios,Percentage,FALSE,,,L_VLDL_CE / (L_VLDL_CE + L_VLDL_FC) * 100,L_VLDL_CE / L_VLDL_C * 100
L_VLDL_FC_by_CE,Free Cholesterol to Cholesteryl Esters in Large VLDL ratio,ratio,Relative lipoprotein lipid concentrations,Large VLDL ratios,Ratio,FALSE,,,L_VLDL_FC / L_VLDL_CE,L_VLDL_FC / L_VLDL_CE
L_VLDL_FC_pct_C,Free Cholesterol to Cholesterol in Large VLDL percentage,%,Relative lipoprotein cholesterol concentrations,Large VLDL ratios,Percentage,FALSE,,,L_VLDL_FC / (L_VLDL_CE + L_VLDL_FC) * 100,L_VLDL_FC / L_VLDL_C * 100
LDL_C_pct,Cholesterol to Total Lipids in LDL percentage,%,Relative lipid concentrations,"",Percentage,FALSE,,,(L_LDL_CE + L_LDL_FC + M_LDL_CE + M_LDL_FC + S_LDL_CE + S_LDL_FC) / (L_LDL_CE + L_LDL_FC + L_LDL_PL + L_LDL_TG + M_LDL_CE + M_LDL_FC + M_LDL_PL + M_LDL_TG + S_LDL_CE + S_LDL_FC + S_LDL_PL + S_LDL_TG) * 100,LDL_C / LDL_L * 100
LDL_CE_pct,Cholesteryl Esters to Total Lipids in LDL percentage,%,Relative lipid concentrations,"",Percentage,FALSE,,,(L_LDL_CE + M_LDL_CE + S_LDL_CE) / (L_LDL_CE + L_LDL_FC + L_LDL_PL + L_LDL_TG + M_LDL_CE + M_LDL_FC + M_LDL_PL + M_LDL_TG + S_LDL_CE + S_LDL_FC + S_LDL_PL + S_LDL_TG) * 100,LDL_CE / LDL_L * 100
LDL_CE_pct_C,Cholesteryl Esters to Cholesterol in LDL percentage,%,Relative cholesterol concentrations,"",Percentage,FALSE,,,(L_LDL_CE + M_LDL_CE + S_LDL_CE) / (L_LDL_CE + M_LDL_CE + S_LDL_CE + L_LDL_FC + M_LDL_FC + S_LDL_FC) * 100,LDL_CE / LDL_C * 100
LDL_FC_by_CE,Free Cholesterol to Cholesteryl Esters in LDL percentage,ratio,Relative lipid concentrations,"",Ratio,FALSE,,,(L_LDL_FC + M_LDL_FC + S_LDL_FC) / (L_LDL_CE + M_LDL_CE + S_LDL_CE),LDL_FC / LDL_CE
LDL_FC_pct,Free Cholesterol to Total Lipids in LDL percentage,%,Relative lipid concentrations,"",Percentage,FALSE,,,(L_LDL_FC + M_LDL_FC + S_LDL_FC) / (L_LDL_CE + L_LDL_FC + L_LDL_PL + L_LDL_TG + M_LDL_CE + M_LDL_FC + M_LDL_PL + M_LDL_TG + S_LDL_CE + S_LDL_FC + S_LDL_PL + S_LDL_TG) * 100,LDL_FC / LDL_L * 100
LDL_FC_pct_C,Free Cholesterol to Cholesterol in LDL percentage,%,Relative cholesterol concentrations,"",Percentage,FALSE,,,(L_LDL_FC + M_LDL_FC + S_LDL_FC) / (L_LDL_CE + M_LDL_CE + S_LDL_CE + L_LDL_FC + M_LDL_FC + S_LDL_FC) * 100,LDL_FC / LDL_C * 100
LDL_PL_pct,Phospholipids to Total Lipids in LDL percentage,%,Relative lipid concentrations,"",Percentage,FALSE,,,(L_LDL_PL + M_LDL_PL + S_LDL_PL) / (L_LDL_CE + L_LDL_FC + L_LDL_PL + L_LDL_TG + M_LDL_CE + M_LDL_FC + M_LDL_PL + M_LDL_TG + S_LDL_CE + S_LDL_FC + S_LDL_PL + S_LDL_TG) * 100,LDL_PL / LDL_L * 100
LDL_TG_pct,Triglycerides to Total Lipids in LDL percentage,%,Relative lipid concentrations,"",Percentage,FALSE,,,(L_LDL_TG + M_LDL_TG + S_LDL_TG) / (L_LDL_CE + L_LDL_FC + L_LDL_PL + L_LDL_TG + M_LDL_CE + M_LDL_FC + M_LDL_PL + M_LDL_TG + S_LDL_CE + S_LDL_FC + S_LDL_PL + S_LDL_TG) * 100,LDL_TG / LDL_L * 100
M_HDL_CE_pct_C,Cholesteryl Esters to Cholesterol in Medium HDL percentage,%,Relative lipoprotein cholesterol concentrations,Medium HDL ratios,Percentage,FALSE,,,M_HDL_CE / (M_HDL_CE + M_HDL_FC) * 100,M_HDL_CE / M_HDL_C * 100
M_HDL_FC_by_CE,Free Cholesterol to Cholesteryl Esters in Medium HDL ratio,ratio,Relative lipoprotein lipid concentrations,Medium HDL ratios,Ratio,FALSE,,,M_HDL_FC / M_HDL_CE,M_HDL_FC / M_HDL_CE
M_HDL_FC_pct_C,Free Cholesterol to Cholesterol in Medium HDL percentage,%,Relative lipoprotein cholesterol concentrations,Medium HDL ratios,Percentage,FALSE,,,M_HDL_FC / (M_HDL_CE + M_HDL_FC) * 100,M_HDL_FC / M_HDL_C * 100
M_LDL_CE_pct_C,Cholesteryl Esters to Cholesterol in Medium LDL percentage,%,Relative lipoprotein cholesterol concentrations,Medium LDL ratios,Percentage,FALSE,,,M_LDL_CE / (M_LDL_CE + M_LDL_FC) * 100,M_LDL_CE / M_LDL_C * 100
M_LDL_FC_by_CE,Free Cholesterol to Cholesteryl Esters in Medium LDL ratio,ratio,Relative lipoprotein lipid concentrations,Medium LDL ratios,Ratio,FALSE,,,M_LDL_FC / M_LDL_CE,M_LDL_FC / M_LDL_CE
M_LDL_FC_pct_C,Free Cholesterol to Cholesterol in Medium LDL percentage,%,Relative lipoprotein cholesterol concentrations,Medium LDL ratios,Percentage,FALSE,,,M_LDL_FC / (M_LDL_CE + M_LDL_FC) * 100,M_LDL_FC / M_LDL_C * 100
M_VLDL_CE_pct_C,Cholesteryl Esters to Cholesterol in Medium VLDL percentage,%,Relative lipoprotein cholesterol concentrations,Medium VLDL ratios,Percentage,FALSE,,,M_VLDL_CE / (M_VLDL_CE + M_VLDL_FC) * 100,M_VLDL_CE / M_VLDL_C * 100
M_VLDL_FC_by_CE,Free Cholesterol to Cholesteryl Esters in Medium VLDL ratio,ratio,Relative lipoprotein lipid concentrations,Medium VLDL ratios,Ratio,FALSE,,,M_VLDL_FC / M_VLDL_CE,M_VLDL_FC / M_VLDL_CE
M_VLDL_FC_pct_C,Free Cholesterol to Cholesterol in Medium VLDL percentage,%,Relative lipoprotein cholesterol concentrations,Medium VLDL ratios,Percentage,FALSE,,,M_VLDL_FC / (M_VLDL_CE + M_VLDL_FC) * 100,M_VLDL_FC / M_VLDL_C * 100
Omega_3_pct_PUFA,Omega-3 Fatty Acids to Polyunsaturated Fatty Acids percentage,%,Fatty acids,Fatty acid ratios,Percentage,FALSE,,,Omega_3 / (Omega_3 + Omega_6) * 100,Omega_3 / PUFA * 100
Omega_6_pct_PUFA,Omega-6 Fatty Acids to Polyunsaturated Fatty Acids percentage,%,Fatty acids,Fatty acid ratios,Percentage,FALSE,,,Omega_6 / (Omega_3 + Omega_6) * 100,Omega_6 / PUFA * 100
S_HDL_CE_pct_C,Cholesteryl Esters to Cholesterol in Small HDL percentage,%,Relative lipoprotein cholesterol concentrations,Small HDL ratios,Percentage,FALSE,,,S_HDL_CE / (S_HDL_CE + S_HDL_FC) * 100,S_HDL_CE / S_HDL_C * 100
S_HDL_FC_by_CE,Free Cholesterol to Cholesteryl Esters in Small HDL ratio,ratio,Relative lipoprotein lipid concentrations,Small HDL ratios,Ratio,FALSE,,,S_HDL_FC / S_HDL_CE,S_HDL_FC / S_HDL_CE
S_HDL_FC_pct_C,Free Cholesterol to Cholesterol in Small HDL percentage,%,Relative lipoprotein cholesterol concentrations,Small HDL ratios,Percentage,FALSE,,,S_HDL_FC / (S_HDL_CE + S_HDL_FC) * 100,S_HDL_FC / S_HDL_C * 100
S_LDL_CE_pct_C,Cholesteryl Esters to Cholesterol in Small LDL percentage,%,Relative lipoprotein cholesterol concentrations,Small LDL ratios,Percentage,FALSE,,,S_LDL_CE / (S_LDL_CE + S_LDL_FC) * 100,S_LDL_CE / S_LDL_C * 100
S_LDL_FC_by_CE,Free Cholesterol to Cholesteryl Esters in Small LDL ratio,ratio,Relative lipoprotein lipid concentrations,Small LDL ratios,Ratio,FALSE,,,S_LDL_FC / S_LDL_CE,S_LDL_FC / S_LDL_CE
S_LDL_FC_pct_C,Free Cholesterol to Cholesterol in Small LDL percentage,%,Relative lipoprotein cholesterol concentrations,Small LDL ratios,Percentage,FALSE,,,S_LDL_FC / (S_LDL_CE + S_LDL_FC) * 100,S_LDL_FC / S_LDL_C * 100
S_VLDL_CE_pct_C,Cholesteryl Esters to Cholesterol in Small VLDL percentage,%,Relative lipoprotein cholesterol concentrations,Small VLDL ratios,Percentage,FALSE,,,S_VLDL_CE / (S_VLDL_CE + S_VLDL_FC) * 100,S_VLDL_CE / S_VLDL_C * 100
S_VLDL_FC_by_CE,Free Cholesterol to Cholesteryl Esters in Small VLDL ratio,ratio,Relative lipoprotein lipid concentrations,Small VLDL ratios,Ratio,FALSE,,,S_VLDL_FC / S_VLDL_CE,S_VLDL_FC / S_VLDL_CE
S_VLDL_FC_pct_C,Free Cholesterol to Cholesterol in Small VLDL percentage,%,Relative lipoprotein cholesterol concentrations,Small VLDL ratios,Percentage,FALSE,,,S_VLDL_FC / (S_VLDL_CE + S_VLDL_FC) * 100,S_VLDL_FC / S_VLDL_C * 100
Total_C_pct,Total Cholesterol to Total Lipids percentage,%,Relative lipid concentrations,"",Percentage,FALSE,,,(XXL_VLDL_CE + XXL_VLDL_FC + XL_VLDL_CE + XL_VLDL_FC + L_VLDL_CE + L_VLDL_FC + M_VLDL_CE + M_VLDL_FC + S_VLDL_CE + S_VLDL_FC + XS_VLDL_CE + XS_VLDL_FC + IDL_CE + IDL_FC + L_LDL_CE + L_LDL_FC + M_LDL_CE + M_LDL_FC + S_LDL_CE + S_LDL_FC + XL_HDL_CE + XL_HDL_FC + L_HDL_CE + L_HDL_FC + M_HDL_CE + M_HDL_FC + S_HDL_CE + S_HDL_FC) / (XXL_VLDL_CE + XXL_VLDL_FC + XXL_VLDL_PL + XXL_VLDL_TG + XL_VLDL_CE + XL_VLDL_FC + XL_VLDL_PL + XL_VLDL_TG + L_VLDL_CE + L_VLDL_FC + L_VLDL_PL + L_VLDL_TG + M_VLDL_CE + M_VLDL_FC + M_VLDL_PL + M_VLDL_TG + S_VLDL_CE + S_VLDL_FC + S_VLDL_PL + S_VLDL_TG + XS_VLDL_CE + XS_VLDL_FC + XS_VLDL_PL + XS_VLDL_TG + IDL_CE + IDL_FC + IDL_PL + IDL_TG + L_LDL_CE + L_LDL_FC + L_LDL_PL + L_LDL_TG + M_LDL_CE + M_LDL_FC + M_LDL_PL + M_LDL_TG + S_LDL_CE + S_LDL_FC + S_LDL_PL + S_LDL_TG + XL_HDL_CE + XL_HDL_FC + XL_HDL_PL + XL_HDL_TG + L_HDL_CE + L_HDL_FC + L_HDL_PL + L_HDL_TG + M_HDL_CE + M_HDL_FC + M_HDL_PL + M_HDL_TG + S_HDL_CE + S_HDL_FC + S_HDL_PL + S_HDL_TG) * 100,Total_C / Total_L * 100
Total_CE_pct,Total Esterified Cholesterol to Total Lipids percentage,%,Relative lipid concentrations,"",Percentage,FALSE,,,(XXL_VLDL_CE + XL_VLDL_CE + L_VLDL_CE + M_VLDL_CE + S_VLDL_CE + XS_VLDL_CE + IDL_CE + L_LDL_CE + M_LDL_CE + S_LDL_CE + XL_HDL_CE + L_HDL_CE + M_HDL_CE + S_HDL_CE) / (XXL_VLDL_CE + XXL_VLDL_FC + XXL_VLDL_PL + XXL_VLDL_TG + XL_VLDL_CE + XL_VLDL_FC + XL_VLDL_PL + XL_VLDL_TG + L_VLDL_CE + L_VLDL_FC + L_VLDL_PL + L_VLDL_TG + M_VLDL_CE + M_VLDL_FC + M_VLDL_PL + M_VLDL_TG + S_VLDL_CE + S_VLDL_FC + S_VLDL_PL + S_VLDL_TG + XS_VLDL_CE + XS_VLDL_FC + XS_VLDL_PL + XS_VLDL_TG + IDL_CE + IDL_FC + IDL_PL + IDL_TG + L_LDL_CE + L_LDL_FC + L_LDL_PL + L_LDL_TG + M_LDL_CE + M_LDL_FC + M_LDL_PL + M_LDL_TG + S_LDL_CE + S_LDL_FC + S_LDL_PL + S_LDL_TG + XL_HDL_CE + XL_HDL_FC + XL_HDL_PL + XL_HDL_TG + L_HDL_CE + L_HDL_FC + L_HDL_PL + L_HDL_TG + M_HDL_CE + M_HDL_FC + M_HDL_PL + M_HDL_TG + S_HDL_CE + S_HDL_FC + S_HDL_PL + S_HDL_TG) * 100,Total_CE / Total_L * 100
Total_CE_pct_C,Total Esterified Cholesterol to Total Cholesterol percentage,%,Relative cholesterol concentrations,"",Percentage,FALSE,,,(XXL_VLDL_CE + XL_VLDL_CE + L_VLDL_CE + M_VLDL_CE + S_VLDL_CE + XS_VLDL_CE + IDL_CE + L_LDL_CE + M_LDL_CE + S_LDL_CE + XL_HDL_CE + L_HDL_CE + M_HDL_CE + S_HDL_CE) / (XXL_VLDL_CE + XL_VLDL_CE + L_VLDL_CE + M_VLDL_CE + S_VLDL_CE + XS_VLDL_CE + IDL_CE + L_LDL_CE + M_LDL_CE + S_LDL_CE + XL_HDL_CE + L_HDL_CE + M_HDL_CE + S_HDL_CE + XXL_VLDL_FC + XL_VLDL_FC + L_VLDL_FC + M_VLDL_FC + S_VLDL_FC + XS_VLDL_FC + IDL_FC + L_LDL_FC + M_LDL_FC + S_LDL_FC + XL_HDL_FC + L_HDL_FC + M_HDL_FC + S_HDL_FC) * 100,Total_CE / Total_C * 100
Total_FC_by_CE,Total Free Cholesterol to Total Esterified Cholesterol ratio,ratio,Relative lipid concentrations,"",Ratio,FALSE,,,(XXL_VLDL_FC + XL_VLDL_FC + L_VLDL_FC + M_VLDL_FC + S_VLDL_FC + XS_VLDL_FC + IDL_FC + L_LDL_FC + M_LDL_FC + S_LDL_FC + XL_HDL_FC + L_HDL_FC + M_HDL_FC + S_HDL_FC) / (XXL_VLDL_CE + XL_VLDL_CE + L_VLDL_CE + M_VLDL_CE + S_VLDL_CE + XS_VLDL_CE + IDL_CE + L_LDL_CE + M_LDL_CE + S_LDL_CE + XL_HDL_CE + L_HDL_CE + M_HDL_CE + S_HDL_CE),Total_FC / Total_CE
Total_FC_pct,Total Free Cholesterol to Total Lipids percentage,%,Relative lipid concentrations,"",Percentage,FALSE,,,(XXL_VLDL_FC + XL_VLDL_FC + L_VLDL_FC + M_VLDL_FC + S_VLDL_FC + XS_VLDL_FC + IDL_FC + L_LDL_FC + M_LDL_FC + S_LDL_FC + XL_HDL_FC + L_HDL_FC + M_HDL_FC + S_HDL_FC) / (XXL_VLDL_CE + XXL_VLDL_FC + XXL_VLDL_PL + XXL_VLDL_TG + XL_VLDL_CE + XL_VLDL_FC + XL_VLDL_PL + XL_VLDL_TG + L_VLDL_CE + L_VLDL_FC + L_VLDL_PL + L_VLDL_TG + M_VLDL_CE + M_VLDL_FC + M_VLDL_PL + M_VLDL_TG + S_VLDL_CE + S_VLDL_FC + S_VLDL_PL + S_VLDL_TG + XS_VLDL_CE + XS_VLDL_FC + XS_VLDL_PL + XS_VLDL_TG + IDL_CE + IDL_FC + IDL_PL + IDL_TG + L_LDL_CE + L_LDL_FC + L_LDL_PL + L_LDL_TG + M_LDL_CE + M_LDL_FC + M_LDL_PL + M_LDL_TG + S_LDL_CE + S_LDL_FC + S_LDL_PL + S_LDL_TG + XL_HDL_CE + XL_HDL_FC + XL_HDL_PL + XL_HDL_TG + L_HDL_CE + L_HDL_FC + L_HDL_PL + L_HDL_TG + M_HDL_CE + M_HDL_FC + M_HDL_PL + M_HDL_TG + S_HDL_CE + S_HDL_FC + S_HDL_PL + S_HDL_TG) * 100,Total_FC / Total_L * 100
Total_FC_pct_C,Total Free Cholesterol to Total Cholesterol percentage,%,Relative cholesterol concentrations,"",Percentage,FALSE,,,(XXL_VLDL_FC + XL_VLDL_FC + L_VLDL_FC + M_VLDL_FC + S_VLDL_FC + XS_VLDL_FC + IDL_FC + L_LDL_FC + M_LDL_FC + S_LDL_FC + XL_HDL_FC + L_HDL_FC + M_HDL_FC + S_HDL_FC) / (XXL_VLDL_CE + XL_VLDL_CE + L_VLDL_CE + M_VLDL_CE + S_VLDL_CE + XS_VLDL_CE + IDL_CE + L_LDL_CE + M_LDL_CE + S_LDL_CE + XL_HDL_CE + L_HDL_CE + M_HDL_CE + S_HDL_CE + XXL_VLDL_FC + XL_VLDL_FC + L_VLDL_FC + M_VLDL_FC + S_VLDL_FC + XS_VLDL_FC + IDL_FC + L_LDL_FC + M_LDL_FC + S_LDL_FC + XL_HDL_FC + L_HDL_FC + M_HDL_FC + S_HDL_FC) * 100,Total_FC / Total_C * 100
Total_PL_pct,Total Phospholipids to Total Lipids percentage,%,Relative lipid concentrations,"",Percentage,FALSE,,,(XXL_VLDL_PL + XL_VLDL_PL + L_VLDL_PL + M_VLDL_PL + S_VLDL_PL + XS_VLDL_PL + IDL_PL + L_LDL_PL + M_LDL_PL + S_LDL_PL + XL_HDL_PL + L_HDL_PL + M_HDL_PL + S_HDL_PL) / (XXL_VLDL_CE + XXL_VLDL_FC + XXL_VLDL_PL + XXL_VLDL_TG + XL_VLDL_CE + XL_VLDL_FC + XL_VLDL_PL + XL_VLDL_TG + L_VLDL_CE + L_VLDL_FC + L_VLDL_PL + L_VLDL_TG + M_VLDL_CE + M_VLDL_FC + M_VLDL_PL + M_VLDL_TG + S_VLDL_CE + S_VLDL_FC + S_VLDL_PL + S_VLDL_TG + XS_VLDL_CE + XS_VLDL_FC + XS_VLDL_PL + XS_VLDL_TG + IDL_CE + IDL_FC + IDL_PL + IDL_TG + L_LDL_CE + L_LDL_FC + L_LDL_PL + L_LDL_TG + M_LDL_CE + M_LDL_FC + M_LDL_PL + M_LDL_TG + S_LDL_CE + S_LDL_FC + S_LDL_PL + S_LDL_TG + XL_HDL_CE + XL_HDL_FC + XL_HDL_PL + XL_HDL_TG + L_HDL_CE + L_HDL_FC + L_HDL_PL + L_HDL_TG + M_HDL_CE + M_HDL_FC + M_HDL_PL + M_HDL_TG + S_HDL_CE + S_HDL_FC + S_HDL_PL + S_HDL_TG) * 100,Total_PL / Total_L * 100
Total_TG_pct,Total Triglycerides to Total Lipids percentage,%,Relative lipid concentrations,"",Percentage,FALSE,,,(XXL_VLDL_TG + XL_VLDL_TG + L_VLDL_TG + M_VLDL_TG + S_VLDL_TG + XS_VLDL_TG + IDL_TG + L_LDL_TG + M_LDL_TG + S_LDL_TG + XL_HDL_TG + L_HDL_TG + M_HDL_TG + S_HDL_TG) / (XXL_VLDL_CE + XXL_VLDL_FC + XXL_VLDL_PL + XXL_VLDL_TG + XL_VLDL_CE + XL_VLDL_FC + XL_VLDL_PL + XL_VLDL_TG + L_VLDL_CE + L_VLDL_FC + L_VLDL_PL + L_VLDL_TG + M_VLDL_CE + M_VLDL_FC + M_VLDL_PL + M_VLDL_TG + S_VLDL_CE + S_VLDL_FC + S_VLDL_PL + S_VLDL_TG + XS_VLDL_CE + XS_VLDL_FC + XS_VLDL_PL + XS_VLDL_TG + IDL_CE + IDL_FC + IDL_PL + IDL_TG + L_LDL_CE + L_LDL_FC + L_LDL_PL + L_LDL_TG + M_LDL_CE + M_LDL_FC + M_LDL_PL + M_LDL_TG + S_LDL_CE + S_LDL_FC + S_LDL_PL + S_LDL_TG + XL_HDL_CE + XL_HDL_FC + XL_HDL_PL + XL_HDL_TG + L_HDL_CE + L_HDL_FC + L_HDL_PL + L_HDL_TG + M_HDL_CE + M_HDL_FC + M_HDL_PL + M_HDL_TG + S_HDL_CE + S_HDL_FC + S_HDL_PL + S_HDL_TG) * 100,Total_TG / Total_L * 100
VLDL_C_pct,Cholesterol to Total Lipids in VLDL percentage,%,Relative lipid concentrations,"",Percentage,FALSE,,,(XXL_VLDL_CE + XXL_VLDL_FC + XL_VLDL_CE + XL_VLDL_FC + L_VLDL_CE + L_VLDL_FC + M_VLDL_CE + M_VLDL_FC + S_VLDL_CE + S_VLDL_FC + XS_VLDL_CE + XS_VLDL_FC) / (XXL_VLDL_CE + XXL_VLDL_FC + XXL_VLDL_PL + XXL_VLDL_TG + XL_VLDL_CE + XL_VLDL_FC + XL_VLDL_PL + XL_VLDL_TG + L_VLDL_CE + L_VLDL_FC + L_VLDL_PL + L_VLDL_TG + M_VLDL_CE + M_VLDL_FC + M_VLDL_PL + M_VLDL_TG + S_VLDL_CE + S_VLDL_FC + S_VLDL_PL + S_VLDL_TG + XS_VLDL_CE + XS_VLDL_FC + XS_VLDL_PL + XS_VLDL_TG) * 100,VLDL_C / VLDL_L * 100
VLDL_CE_pct,Cholesteryl Esters to Total Lipids in VLDL percentage,%,Relative lipid concentrations,"",Percentage,FALSE,,,(XXL_VLDL_CE + XL_VLDL_CE + L_VLDL_CE + M_VLDL_CE + S_VLDL_CE + XS_VLDL_CE) / (XXL_VLDL_CE + XXL_VLDL_FC + XXL_VLDL_PL + XXL_VLDL_TG + XL_VLDL_CE + XL_VLDL_FC + XL_VLDL_PL + XL_VLDL_TG + L_VLDL_CE + L_VLDL_FC + L_VLDL_PL + L_VLDL_TG + M_VLDL_CE + M_VLDL_FC + M_VLDL_PL + M_VLDL_TG + S_VLDL_CE + S_VLDL_FC + S_VLDL_PL + S_VLDL_TG + XS_VLDL_CE + XS_VLDL_FC + XS_VLDL_PL + XS_VLDL_TG) * 100,VLDL_CE / VLDL_L * 100
VLDL_CE_pct_C,Cholesteryl Esters to Cholesterol in VLDL percentage,%,Relative cholesterol concentrations,"",Percentage,FALSE,,,(XXL_VLDL_CE + XL_VLDL_CE + L_VLDL_CE + M_VLDL_CE + S_VLDL_CE + XS_VLDL_CE) / (XXL_VLDL_CE + XL_VLDL_CE + L_VLDL_CE + M_VLDL_CE + S_VLDL_CE + XS_VLDL_CE + XXL_VLDL_FC + XL_VLDL_FC + L_VLDL_FC + M_VLDL_FC + S_VLDL_FC + XS_VLDL_FC),VLDL_CE / VLDL_C * 100
VLDL_FC_by_CE,Free Cholesterol to Cholesteryl Esters in VLDL percentage,ratio,Relative lipid concentrations,"",Ratio,FALSE,,,(XXL_VLDL_FC + XL_VLDL_FC + L_VLDL_FC + M_VLDL_FC + S_VLDL_FC + XS_VLDL_FC) / (XXL_VLDL_CE + XL_VLDL_CE + L_VLDL_CE + M_VLDL_CE + S_VLDL_CE + XS_VLDL_CE),VLDL_FC / VLDL_CE
VLDL_FC_pct,Free Cholesterol to Total Lipids in VLDL percentage,%,Relative lipid concentrations,"",Percentage,FALSE,,,(XXL_VLDL_FC + XL_VLDL_FC + L_VLDL_FC + M_VLDL_FC + S_VLDL_FC + XS_VLDL_FC) / (XXL_VLDL_CE + XXL_VLDL_FC + XXL_VLDL_PL + XXL_VLDL_TG + XL_VLDL_CE + XL_VLDL_FC + XL_VLDL_PL + XL_VLDL_TG + L_VLDL_CE + L_VLDL_FC + L_VLDL_PL + L_VLDL_TG + M_VLDL_CE + M_VLDL_FC + M_VLDL_PL + M_VLDL_TG + S_VLDL_CE + S_VLDL_FC + S_VLDL_PL + S_VLDL_TG + XS_VLDL_CE + XS_VLDL_FC + XS_VLDL_PL + XS_VLDL_TG) * 100,VLDL_FC / VLDL_L * 100
VLDL_FC_pct_C,Free Cholesterol to Cholesterol in VLDL percentage,%,Relative cholesterol concentrations,"",Percentage,FALSE,,,(XXL_VLDL_FC + XL_VLDL_FC + L_VLDL_FC + M_VLDL_FC + S_VLDL_FC + XS_VLDL_FC) / (XXL_VLDL_CE + XL_VLDL_CE + L_VLDL_CE + M_VLDL_CE + S_VLDL_CE + XS_VLDL_CE + XXL_VLDL_FC + XL_VLDL_FC + L_VLDL_FC + M_VLDL_FC + S_VLDL_FC + XS_VLDL_FC),VLDL_FC / VLDL_C * 100
VLDL_PL_pct,Phospholipids to Total Lipids in VLDL percentage,%,Relative lipid concentrations,"",Percentage,FALSE,,,(XXL_VLDL_PL + XL_VLDL_PL + L_VLDL_PL + M_VLDL_PL + S_VLDL_PL + XS_VLDL_PL) / (XXL_VLDL_CE + XXL_VLDL_FC + XXL_VLDL_PL + XXL_VLDL_TG + XL_VLDL_CE + XL_VLDL_FC + XL_VLDL_PL + XL_VLDL_TG + L_VLDL_CE + L_VLDL_FC + L_VLDL_PL + L_VLDL_TG + M_VLDL_CE + M_VLDL_FC + M_VLDL_PL + M_VLDL_TG + S_VLDL_CE + S_VLDL_FC + S_VLDL_PL + S_VLDL_TG + XS_VLDL_CE + XS_VLDL_FC + XS_VLDL_PL + XS_VLDL_TG) * 100,VLDL_PL / VLDL_L * 100
VLDL_TG_pct,Triglycerides to Total Lipids in VLDL percentage,%,Relative lipid concentrations,"",Percentage,FALSE,,,(XXL_VLDL_TG + XL_VLDL_TG + L_VLDL_TG + M_VLDL_TG + S_VLDL_TG + XS_VLDL_TG) / (XXL_VLDL_CE + XXL_VLDL_FC + XXL_VLDL_PL + XXL_VLDL_TG + XL_VLDL_CE + XL_VLDL_FC + XL_VLDL_PL + XL_VLDL_TG + L_VLDL_CE + L_VLDL_FC + L_VLDL_PL + L_VLDL_TG + M_VLDL_CE + M_VLDL_FC + M_VLDL_PL + M_VLDL_TG + S_VLDL_CE + S_VLDL_FC + S_VLDL_PL + S_VLDL_TG + XS_VLDL_CE + XS_VLDL_FC + XS_VLDL_PL + XS_VLDL_TG) * 100,VLDL_TG / VLDL_L * 100
XL_HDL_CE_pct_C,Cholesteryl Esters to Cholesterol in Very Large HDL percentage,%,Relative lipoprotein cholesterol concentrations,Very large HDL ratios,Percentage,FALSE,,,XL_HDL_CE / (XL_HDL_CE + XL_HDL_FC) * 100,XL_HDL_CE / XL_HDL_C * 100
XL_HDL_FC_by_CE,Free Cholesterol to Cholesteryl Esters in Very Large HDL ratio,ratio,Relative lipoprotein lipid concentrations,Very large HDL ratios,Ratio,FALSE,,,XL_HDL_FC / XL_HDL_CE,XL_HDL_FC / XL_HDL_CE
XL_HDL_FC_pct_C,Free Cholesterol to Cholesterol in Very Large HDL percentage,%,Relative lipoprotein cholesterol concentrations,Very large HDL ratios,Percentage,FALSE,,,XL_HDL_FC / (XL_HDL_CE + XL_HDL_FC) * 100,XL_HDL_FC / XL_HDL_C * 100
XL_VLDL_CE_pct_C,Cholesteryl Esters to Cholesterol in Very Large VLDL percentage,%,Relative lipoprotein cholesterol concentrations,Very large VLDL ratios,Percentage,FALSE,,,XL_VLDL_CE / (XL_VLDL_CE + XL_HDL_FC) * 100,XL_VLDL_CE / XL_VLDL_C * 100
XL_VLDL_FC_by_CE,Free Cholesterol to Cholesteryl Esters in Very Large VLDL ratio,ratio,Relative lipoprotein lipid concentrations,Very large VLDL ratios,Ratio,FALSE,,,XL_VLDL_FC / XL_VLDL_CE,XL_VLDL_FC / XL_VLDL_CE
XL_VLDL_FC_pct_C,Free Cholesterol to Cholesterol in Very Large VLDL percentage,%,Relative lipoprotein cholesterol concentrations,Very large VLDL ratios,Percentage,FALSE,,,XL_VLDL_FC / (XL_VLDL_CE + XL_HDL_FC) * 100,XL_VLDL_FC / XL_VLDL_C * 100
XS_VLDL_CE_pct_C,Cholesteryl Esters to Cholesterol in Very Small VLDL percentage,%,Relative lipoprotein cholesterol concentrations,Very small VLDL ratios,Percentage,FALSE,,,XS_VLDL_CE / (XS_VLDL_CE + XS_VLDL_FC) * 100,XS_VLDL_CE / XS_VLDL_C * 100
XS_VLDL_FC_by_CE,Free Cholesterol to Cholesteryl Esters in Very Small VLDL ratio,ratio,Relative lipoprotein lipid concentrations,Very small VLDL ratios,Ratio,FALSE,,,XS_VLDL_FC / XS_VLDL_CE,XS_VLDL_FC / XS_VLDL_CE
XS_VLDL_FC_pct_C,Free Cholesterol to Cholesterol in Very Small VLDL percentage,%,Relative lipoprotein cholesterol concentrations,Very small VLDL ratios,Percentage,FALSE,,,XS_VLDL_FC / (XS_VLDL_CE + XS_VLDL_FC) * 100,XS_VLDL_FC / XS_VLDL_C * 100
XXL_VLDL_CE_pct_C,Cholesteryl Esters to Cholesterol in Chylomicrons and Extremely Large VLDL percentage,%,Relative lipoprotein cholesterol concentrations,Chylomicrons and extremely large VLDL ratios,Percentage,FALSE,,,XXL_VLDL_CE / (XXL_VLDL_CE + XXL_VLDL_FC) * 100,XXL_VLDL_CE / XXL_VLDL_C * 100
XXL_VLDL_FC_by_CE,Free Cholesterol to Cholesteryl Esters in Chylomicrons and Extremely Large VLDL ratio,ratio,Relative lipoprotein lipid concentrations,Chylomicrons and extremely large VLDL ratios,Ratio,FALSE,,,XXL_VLDL_FC / XXL_VLDL_CE,XXL_VLDL_FC / XXL_VLDL_CE
XXL_VLDL_FC_pct_C,Free Cholesterol to Cholesterol in Chylomicrons and Extremely Large VLDL percentage,%,Relative lipoprotein cholesterol concentrations,Chylomicrons and extremely large VLDL ratios,Percentage,FALSE,,,XXL_VLDL_FC / (XXL_VLDL_CE + XXL_VLDL_FC) * 100,XXL_VLDL_FC / XXL_VLDL_C * 100
